Column1,preyID,preyPhylum,preyClass,preyOrder,preyFamily,preyGenus,preyspecies
Taricha torosa,Taricha torosa,Chordata,Amphibia,Caudata,Salamandridae,Taricha,Taricha torosa
Chalarodon madagascariensis,Chalarodon madagascariensis,Chordata,Reptilia,Squamata,Opluridae,Chalarodon,Chalarodon madagascariensis
Anura,Anura,Chordata,Amphibia,Anura,NA,NA,NA
Pelophylax,Pelophylax,Chordata,Amphibia,Anura,Ranidae,Pelophylax,NA
Himantopus himantopus,Himantopus himantopus,Chordata,Aves,Charadriiformes,Recurvirostridae,Himantopus,Himantopus himantopus
Pelophylax nigromaculatus,Pelophylax nigromaculatus,Chordata,Amphibia,Anura,Ranidae,Pelophylax,Pelophylax nigromaculatus
Paroedura bastardi,Paroedura bastardi,Chordata,Reptilia,Squamata,Gekkonidae,Paroedura,Paroedura bastardi
Oplurus,Oplurus,Chordata,Reptilia,Squamata,Opluridae,Oplurus,NA
Boophis tephraeomystax,Boophis tephraeomystax,Chordata,Amphibia,Anura,Mantellidae,Boophis,Boophis tephraeomystax
Oligochaeta,Oligochaeta,Annelida,Clitellata,NA,NA,NA,NA
Anaxyrus,Anaxyrus,Chordata,Amphibia,Anura,Bufonidae,Anaxyrus,NA
Lithobates pipiens,Lithobates pipiens,Chordata,Amphibia,Anura,Ranidae,Lithobates,Lithobates pipiens
Sylvilagus,Sylvilagus,Chordata,Mammalia,Lagomorpha,Leporidae,Sylvilagus,NA
Pelophylax perezi,Pelophylax perezi,Chordata,Amphibia,Anura,Ranidae,Pelophylax,Pelophylax perezi
Rodentia,Rodentia,Chordata,Mammalia,Rodentia,NA,NA,NA
Holcosus quadrilineatus,Holcosus quadrilineatus,Chordata,Reptilia,Squamata,Teiidae,Holcosus,Holcosus quadrilineatus
Smilisca baudinii,Smilisca baudinii,Chordata,Amphibia,Anura,Hylidae,Smilisca,Smilisca baudinii
Oncorhynchus mykiss,Oncorhynchus mykiss,Chordata,Actinopterygii,Salmoniformes,Salmonidae,Oncorhynchus,Oncorhynchus mykiss
Gekko gecko,Gekko gecko,Chordata,Reptilia,Squamata,Gekkonidae,Gekko,Gekko gecko
Coelognathus radiatus,Coelognathus radiatus,Chordata,Reptilia,Squamata,Colubridae,Coelognathus,Coelognathus radiatus
Sceloporus occidentalis,Sceloporus occidentalis,Chordata,Reptilia,Squamata,Iguanidae,Sceloporus,Sceloporus occidentalis
Pleurodema brachyops,Pleurodema brachyops,Chordata,Amphibia,Anura,Leptodactylidae,Pleurodema,Pleurodema brachyops
Craugastor fitzingeri,Craugastor fitzingeri,Chordata,Amphibia,Anura,Craugastoridae,Craugastor,Craugastor fitzingeri
Gekkonidae,Gekkonidae,Chordata,Reptilia,Squamata,Gekkonidae,NA,NA
Passer domesticus,Passer domesticus,Chordata,Aves,Passeriformes,Passeridae,Passer,Passer domesticus
Lumbricidae,Lumbricidae,Annelida,Clitellata,Opisthopora,Lumbricidae,NA,NA
Holcosus festivus,Holcosus festivus,Chordata,Reptilia,Squamata,Teiidae,Holcosus,Holcosus festivus
Coleonyx variegatus variegatus,Coleonyx variegatus variegatus,Chordata,Reptilia,Squamata,Eublepharidae,Coleonyx,Coleonyx variegatus
Anaxyrus woodhousii,Anaxyrus woodhousii,Chordata,Amphibia,Anura,Bufonidae,Anaxyrus,Anaxyrus woodhousii
Phyllodactylus cleofasensis,Phyllodactylus cleofasensis,Chordata,Reptilia,Squamata,Phyllodactylidae,Phyllodactylus,Phyllodactylus cleofasensis
Cottus,Cottus,Chordata,Actinopterygii,Scorpaeniformes,Cottidae,Cottus,NA
Rana dybowskii,Rana dybowskii,Chordata,Amphibia,Anura,Ranidae,Rana,Rana dybowskii
Oligodon,Oligodon,Chordata,Reptilia,Squamata,Colubridae,Oligodon,NA
Elgaria multicarinata multicarinata,Elgaria multicarinata multicarinata,Chordata,Reptilia,Squamata,Anguidae,Elgaria,Elgaria multicarinata
Mochlus sundevallii,Mochlus sundevallii,Chordata,Reptilia,Squamata,Scincidae,Mochlus,Mochlus sundevallii
Incilius nebulifer,Incilius nebulifer,Chordata,Amphibia,Anura,Bufonidae,Incilius,Incilius nebulifer
Hemidactylus,Hemidactylus,Chordata,Reptilia,Squamata,Gekkonidae,Hemidactylus,NA
Duttaphrynus melanostictus,Duttaphrynus melanostictus,Chordata,Amphibia,Anura,Bufonidae,Duttaphrynus,Duttaphrynus melanostictus
Chiroptera,Chiroptera,Chordata,Mammalia,Chiroptera,NA,NA,NA
Anolis uniformis,Anolis uniformis,Chordata,Reptilia,Squamata,Dactyloidae,Anolis,Anolis uniformis
Chamaeleo dilepis,Chamaeleo dilepis,Chordata,Reptilia,Squamata,Chamaeleonidae,Chamaeleo,Chamaeleo dilepis
Ploceus cucullatus,Ploceus cucullatus,Chordata,Aves,Passeriformes,Ploceidae,Ploceus,Ploceus cucullatus
Bufonidae,Bufonidae,Chordata,Amphibia,Anura,Bufonidae,NA,NA
Sylvilagus floridanus,Sylvilagus floridanus,Chordata,Mammalia,Lagomorpha,Leporidae,Sylvilagus,Sylvilagus floridanus
Gallus gallus domesticus,Gallus gallus domesticus,Chordata,Aves,Galliformes,Phasianidae,Gallus,Gallus gallus
Mimus,Mimus,Chordata,Aves,Passeriformes,Mimidae,Mimus,NA
Arvicolinae,Arvicolinae,Chordata,Mammalia,Rodentia,Cricetidae,NA,NA
Actinopterygii,Actinopterygii,Chordata,Actinopterygii,NA,NA,NA,NA
Hemidactylus mercatorius,Hemidactylus mercatorius,Chordata,Reptilia,Squamata,Gekkonidae,Hemidactylus,Hemidactylus mercatorius
Anaxyrus americanus,Anaxyrus americanus,Chordata,Amphibia,Anura,Bufonidae,Anaxyrus,Anaxyrus americanus
Hylambates verrucosus,Hylambates verrucosus,Chordata,Amphibia,Anura,Hyperoliidae,Hylambates,Hylambates verrucosus
Pituophis catenifer,Pituophis catenifer,Chordata,Reptilia,Squamata,Colubridae,Pituophis,Pituophis catenifer
Salmo trutta fario,Salmo trutta fario,Chordata,Actinopterygii,Salmoniformes,Salmonidae,Salmo,Salmo trutta
Rana boylii,Rana boylii,Chordata,Amphibia,Anura,Ranidae,Rana,Rana boylii
Hirundo rustica,Hirundo rustica,Chordata,Aves,Passeriformes,Hirundinidae,Hirundo,Hirundo rustica
Ictaluridae,Ictaluridae,Chordata,Actinopterygii,Siluriformes,Ictaluridae,NA,NA
Sauria,Sauria,Chordata,Reptilia,Squamata,NA,NA,NA
Muridae,Muridae,Chordata,Mammalia,Rodentia,Muridae,NA,NA
Pelophylax ridibundus,Pelophylax ridibundus,Chordata,Amphibia,Anura,Ranidae,Pelophylax,Pelophylax ridibundus
Acris,Acris,Chordata,Amphibia,Anura,Hylidae,Acris,NA
Tarentola mauritanica,Tarentola mauritanica,Chordata,Reptilia,Squamata,Phyllodactylidae,Tarentola,Tarentola mauritanica
Diploderma polygonatum,Diploderma polygonatum,Chordata,Reptilia,Squamata,Draconinae,Diploderma,Diploderma polygonatum
Dicamptodon ensatus,Dicamptodon ensatus,Chordata,Amphibia,Caudata,Ambystomatidae,Dicamptodon,Dicamptodon ensatus
Ariolimax,Ariolimax,Mollusca,Gastropoda,Stylommatophora,Arionidae,Ariolimax,NA
Lithobates sphenocephalus,Lithobates sphenocephalus,Chordata,Amphibia,Anura,Ranidae,Lithobates,Lithobates sphenocephalus
Iguanidae,Iguanidae,Chordata,Reptilia,Squamata,Iguanidae,NA,NA
Dipodomys,Dipodomys,Chordata,Mammalia,Rodentia,Heteromyidae,Dipodomys,NA
Ctenosaura pectinata,Ctenosaura pectinata,Chordata,Reptilia,Squamata,Iguanidae,Ctenosaura,Ctenosaura pectinata
Orthoptera,Orthoptera,Arthropoda,Insecta,Orthoptera,NA,NA,NA
Anolis sagrei,Anolis sagrei,Chordata,Reptilia,Squamata,Dactyloidae,Anolis,Anolis sagrei
Vireo bellii pusillus,Vireo bellii pusillus,Chordata,Aves,Passeriformes,Vireonidae,Vireo,Vireo bellii
Chondrodactylus turneri,Chondrodactylus turneri,Chordata,Reptilia,Squamata,Gekkonidae,Chondrodactylus,Chondrodactylus turneri
Opheodrys aestivus,Opheodrys aestivus,Chordata,Reptilia,Squamata,Colubridae,Opheodrys,Opheodrys aestivus
Uta stansburiana,Uta stansburiana,Chordata,Reptilia,Squamata,Iguanidae,Uta,Uta stansburiana
Lithobates berlandieri,Lithobates berlandieri,Chordata,Amphibia,Anura,Ranidae,Lithobates,Lithobates berlandieri
Elgaria multicarinata,Elgaria multicarinata,Chordata,Reptilia,Squamata,Anguidae,Elgaria,Elgaria multicarinata
Crotalus oreganus,Crotalus oreganus,Chordata,Reptilia,Squamata,Viperidae,Crotalus,Crotalus oreganus
Dicroglossidae,Dicroglossidae,Chordata,Amphibia,Anura,Dicroglossidae,NA,NA
Crotalus oreganus helleri,Crotalus oreganus helleri,Chordata,Reptilia,Squamata,Viperidae,Crotalus,Crotalus oreganus
Aves,Aves,Chordata,Aves,NA,NA,NA,NA
Calotes,Calotes,Chordata,Reptilia,Squamata,Agamidae,Calotes,NA
Vespertilionidae,Vespertilionidae,Chordata,Mammalia,Chiroptera,Vespertilionidae,NA,NA
Ranidae,Ranidae,Chordata,Amphibia,Anura,Ranidae,NA,NA
Lithobates catesbeianus,Lithobates catesbeianus,Chordata,Amphibia,Anura,Ranidae,Lithobates,Lithobates catesbeianus
Ptychadena mascareniensis,Ptychadena mascareniensis,Chordata,Amphibia,Anura,Ptychadenidae,Ptychadena,Ptychadena mascareniensis
Lithobates clamitans,Lithobates clamitans,Chordata,Amphibia,Anura,Ranidae,Lithobates,Lithobates clamitans
Dipodomys merriami,Dipodomys merriami,Chordata,Mammalia,Rodentia,Heteromyidae,Dipodomys,Dipodomys merriami
Pelophylax chosenicus,Pelophylax chosenicus,Chordata,Amphibia,Anura,Ranidae,Pelophylax,Pelophylax chosenicus
Sciurus variegatoides,Sciurus variegatoides,Chordata,Mammalia,Rodentia,Sciuridae,Sciurus,Sciurus variegatoides
Anaxyrus cognatus,Anaxyrus cognatus,Chordata,Amphibia,Anura,Bufonidae,Anaxyrus,Anaxyrus cognatus
Lacerta bilineata,Lacerta bilineata,Chordata,Reptilia,Squamata,Lacertidae,Lacerta,Lacerta bilineata
Sceloporus,Sceloporus,Chordata,Reptilia,Squamata,Iguanidae,Sceloporus,NA
Necturus maculosus,Necturus maculosus,Chordata,Amphibia,Caudata,Proteidae,Necturus,Necturus maculosus
Pseudacris sierra,Pseudacris sierra,Chordata,Amphibia,Anura,Hylidae,Pseudacris,Pseudacris sierra
Bufo spinosus,Bufo spinosus,Chordata,Amphibia,Anura,Bufonidae,Bufo,Bufo spinosus
Colubridae,Colubridae,Chordata,Reptilia,Squamata,Colubridae,NA,NA
Anaxyrus boreas,Anaxyrus boreas,Chordata,Amphibia,Anura,Bufonidae,Anaxyrus,Anaxyrus boreas
Sciuridae,Sciuridae,Chordata,Mammalia,Rodentia,Sciuridae,NA,NA
Furcifer verrucosus,Furcifer verrucosus,Chordata,Reptilia,Squamata,Chamaeleonidae,Furcifer,Furcifer verrucosus
Agalychnis dacnicolor,Agalychnis dacnicolor,Chordata,Amphibia,Anura,Phyllomedusidae,Agalychnis,Agalychnis dacnicolor
Lepomis megalotis,Lepomis megalotis,Chordata,Actinopterygii,Perciformes,Centrarchidae,Lepomis,Lepomis megalotis
Diadophis punctatus,Diadophis punctatus,Chordata,Reptilia,Squamata,Colubridae,Diadophis,Diadophis punctatus
Leiothlypis celata,Leiothlypis celata,Chordata,Aves,Passeriformes,Parulidae,Leiothlypis,Leiothlypis celata
Rana temporaria,Rana temporaria,Chordata,Amphibia,Anura,Ranidae,Rana,Rana temporaria
Astacoidea,Astacoidea,Arthropoda,Malacostraca,Decapoda,NA,NA,NA
Leptobrachium liui,Leptobrachium liui,Chordata,Amphibia,Anura,Megophryidae,Leptobrachium,Leptobrachium liui
Caudata,Caudata,Chordata,Amphibia,Caudata,NA,NA,NA
Salamandra infraimmaculata,Salamandra infraimmaculata,Chordata,Amphibia,Caudata,Salamandridae,Salamandra,Salamandra infraimmaculata
Phaethornis longirostris,Phaethornis longirostris,Chordata,Aves,Apodiformes,Trochilidae,Phaethornis,Phaethornis longirostris
Eulemur fulvus,Eulemur fulvus,Chordata,Mammalia,Primates,Lemuridae,Eulemur,Eulemur fulvus
Passeriformes,Passeriformes,Chordata,Aves,Passeriformes,NA,NA,NA
Bufo bankorensis,Bufo bankorensis,Chordata,Amphibia,Anura,Bufonidae,Bufo,Bufo bankorensis
Zenaida macroura,Zenaida macroura,Chordata,Aves,Columbiformes,Columbidae,Zenaida,Zenaida macroura
Pholidae,Pholidae,Chordata,Actinopterygii,Perciformes,Pholidae,NA,NA
Ameiurus nebulosus,Ameiurus nebulosus,Chordata,Actinopterygii,Siluriformes,Ictaluridae,Ameiurus,Ameiurus nebulosus
Salmonidae,Salmonidae,Chordata,Actinopterygii,Salmoniformes,Salmonidae,NA,NA
Thamnophis cyrtopsis,Thamnophis cyrtopsis,Chordata,Reptilia,Squamata,Colubridae,Thamnophis,Thamnophis cyrtopsis
Lepomis,Lepomis,Chordata,Actinopterygii,Perciformes,Centrarchidae,Lepomis,NA
Siluriformes,Siluriformes,Chordata,Actinopterygii,Siluriformes,NA,NA,NA
Eleutherodactylus inoptatus,Eleutherodactylus inoptatus,Chordata,Amphibia,Anura,Eleutherodactylidae,Eleutherodactylus,Eleutherodactylus inoptatus
Dipsosaurus dorsalis,Dipsosaurus dorsalis,Chordata,Reptilia,Squamata,Iguanidae,Dipsosaurus,Dipsosaurus dorsalis
Furcifer oustaleti,Furcifer oustaleti,Chordata,Reptilia,Squamata,Chamaeleonidae,Furcifer,Furcifer oustaleti
Podarcis muralis,Podarcis muralis,Chordata,Reptilia,Squamata,Lacertidae,Podarcis,Podarcis muralis
Iguana iguana,Iguana iguana,Chordata,Reptilia,Squamata,Iguanidae,Iguana,Iguana iguana
Polypedates iskandari,Polypedates iskandari,Chordata,Amphibia,Anura,Rhacophoridae,Polypedates,Polypedates iskandari
Osteopilus septentrionalis,Osteopilus septentrionalis,Chordata,Amphibia,Anura,Hylidae,Osteopilus,Osteopilus septentrionalis
Nerodia rhombifer,Nerodia rhombifer,Chordata,Reptilia,Squamata,Colubridae,Nerodia,Nerodia rhombifer
Basiliscus vittatus,Basiliscus vittatus,Chordata,Reptilia,Squamata,Corytophanidae,Basiliscus,Basiliscus vittatus
Salmo,Salmo,Chordata,Actinopterygii,Salmoniformes,Salmonidae,Salmo,NA
Eucometis penicillata,Eucometis penicillata,Chordata,Aves,Passeriformes,Thraupidae,Eucometis,Eucometis penicillata
Geophis hoffmanni,Geophis hoffmanni,Chordata,Reptilia,Squamata,Colubridae,Geophis,Geophis hoffmanni
Oreochromis,Oreochromis,Chordata,Actinopterygii,Perciformes,Cichlidae,Oreochromis,NA
Gerrhosaurus flavigularis,Gerrhosaurus flavigularis,Chordata,Reptilia,Squamata,Gerrhosauridae,Gerrhosaurus,Gerrhosaurus flavigularis
Neotoma bryanti,Neotoma bryanti,Chordata,Mammalia,Rodentia,Cricetidae,Neotoma,Neotoma bryanti
Hemidactylus turcicus,Hemidactylus turcicus,Chordata,Reptilia,Squamata,Gekkonidae,Hemidactylus,Hemidactylus turcicus
Scincidae,Scincidae,Chordata,Reptilia,Squamata,Scincidae,NA,NA
Anguilla anguilla,Anguilla anguilla,Chordata,Actinopterygii,Anguilliformes,Anguillidae,Anguilla,Anguilla anguilla
Limnodynastes peronii,Limnodynastes peronii,Chordata,Amphibia,Anura,Limnodynastidae,Limnodynastes,Limnodynastes peronii
Ariolimax columbianus,Ariolimax columbianus,Mollusca,Gastropoda,Stylommatophora,Arionidae,Ariolimax,Ariolimax columbianus
Bufo bufo,Bufo bufo,Chordata,Amphibia,Anura,Bufonidae,Bufo,Bufo bufo
Rattus,Rattus,Chordata,Mammalia,Rodentia,Muridae,Rattus,NA
Carassius auratus,Carassius auratus,Chordata,Actinopterygii,Cypriniformes,Cyprinidae,Carassius,Carassius auratus
Caiman crocodilus,Caiman crocodilus,Chordata,Reptilia,Crocodilia,Alligatoridae,Caiman,Caiman crocodilus
Lithobates,Lithobates,Chordata,Amphibia,Anura,Ranidae,Lithobates,NA
Lithobates sylvaticus,Lithobates sylvaticus,Chordata,Amphibia,Anura,Ranidae,Lithobates,Lithobates sylvaticus
Gekkota,Gekkota,Chordata,Reptilia,Squamata,NA,NA,NA
Vireo,Vireo,Chordata,Aves,Passeriformes,Vireonidae,Vireo,NA
Lithobates palustris,Lithobates palustris,Chordata,Amphibia,Anura,Ranidae,Lithobates,Lithobates palustris
Otospermophilus beecheyi,Otospermophilus beecheyi,Chordata,Mammalia,Rodentia,Sciuridae,Otospermophilus,Otospermophilus beecheyi
Anguilla rostrata,Anguilla rostrata,Chordata,Actinopterygii,Anguilliformes,Anguillidae,Anguilla,Anguilla rostrata
Pituophis catenifer catenifer,Pituophis catenifer catenifer,Chordata,Reptilia,Squamata,Colubridae,Pituophis,Pituophis catenifer
Amphibia,Amphibia,Chordata,Amphibia,NA,NA,NA,NA
Dermophis glandulosus,Dermophis glandulosus,Chordata,Amphibia,Gymnophiona,Dermophiidae,Dermophis,Dermophis glandulosus
Aspidoscelis tigris stejnegeri,Aspidoscelis tigris stejnegeri,Chordata,Reptilia,Squamata,Teiidae,Aspidoscelis,Aspidoscelis tigris
Perca fluviatilis,Perca fluviatilis,Chordata,Actinopterygii,Perciformes,Percidae,Perca,Perca fluviatilis
Acris blanchardi,Acris blanchardi,Chordata,Amphibia,Anura,Hylidae,Acris,Acris blanchardi
Stenodactylus,Stenodactylus,Chordata,Reptilia,Squamata,Gekkonidae,Stenodactylus,NA
Lonchura punctulata,Lonchura punctulata,Chordata,Aves,Passeriformes,Estrildidae,Lonchura,Lonchura punctulata
Storeria dekayi,Storeria dekayi,Chordata,Reptilia,Squamata,Colubridae,Storeria,Storeria dekayi
Hyla,Hyla,Chordata,Amphibia,Anura,Hylidae,Hyla,NA
Ameiurus,Ameiurus,Chordata,Actinopterygii,Siluriformes,Ictaluridae,Ameiurus,NA
Anolis pulchellus,Anolis pulchellus,Chordata,Reptilia,Squamata,Dactyloidae,Anolis,Anolis pulchellus
Ambystoma mavortium,Ambystoma mavortium,Chordata,Amphibia,Caudata,Ambystomatidae,Ambystoma,Ambystoma mavortium
Anolis,Anolis,Chordata,Reptilia,Squamata,Dactyloidae,Anolis,NA
Hemidactylus frenatus,Hemidactylus frenatus,Chordata,Reptilia,Squamata,Gekkonidae,Hemidactylus,Hemidactylus frenatus
Columbidae,Columbidae,Chordata,Aves,Columbiformes,Columbidae,NA,NA
Elgaria,Elgaria,Chordata,Reptilia,Squamata,Anguidae,Elgaria,NA
Zonosaurus,Zonosaurus,Chordata,Reptilia,Squamata,Gerrhosauridae,Zonosaurus,NA
Tamias striatus,Tamias striatus,Chordata,Mammalia,Rodentia,Sciuridae,Tamias,Tamias striatus
Lepomis gibbosus,Lepomis gibbosus,Chordata,Actinopterygii,Perciformes,Centrarchidae,Lepomis,Lepomis gibbosus
Cyprinodon variegatus,Cyprinodon variegatus,Chordata,Actinopterygii,Cyprinodontiformes,Cyprinodontidae,Cyprinodon,Cyprinodon variegatus
Eulemur,Eulemur,Chordata,Mammalia,Primates,Lemuridae,Eulemur,NA
Anolis limifrons,Anolis limifrons,Chordata,Reptilia,Squamata,Dactyloidae,Anolis,Anolis limifrons
Stylommatophora,Stylommatophora,Mollusca,Gastropoda,Stylommatophora,NA,NA,NA
Thamnophis elegans,Thamnophis elegans,Chordata,Reptilia,Squamata,Colubridae,Thamnophis,Thamnophis elegans
Gastropoda,Gastropoda,Mollusca,Gastropoda,NA,NA,NA,NA
Campylorhynchus brunneicapillus,Campylorhynchus brunneicapillus,Chordata,Aves,Passeriformes,Troglodytidae,Campylorhynchus,Campylorhynchus brunneicapillus
Agamidae,Agamidae,Chordata,Reptilia,Squamata,Agamidae,NA,NA
Rana draytonii,Rana draytonii,Chordata,Amphibia,Anura,Ranidae,Rana,Rana draytonii
Atractus werneri,Atractus werneri,Chordata,Reptilia,Squamata,Colubridae,Atractus,Atractus werneri
Lithobates blairi,Lithobates blairi,Chordata,Amphibia,Anura,Ranidae,Lithobates,Lithobates blairi
Philetairus socius,Philetairus socius,Chordata,Aves,Passeriformes,Passeridae,Philetairus,Philetairus socius
Aspidoscelis,Aspidoscelis,Chordata,Reptilia,Squamata,Teiidae,Aspidoscelis,NA
Formicidae,Formicidae,Arthropoda,Insecta,Hymenoptera,Formicidae,NA,NA
Ictidomys parvidens,Ictidomys parvidens,Chordata,Mammalia,Rodentia,Sciuridae,Ictidomys,Ictidomys parvidens
Sclerophrys gutturalis,Sclerophrys gutturalis,Chordata,Amphibia,Anura,Bufonidae,Sclerophrys,Sclerophrys gutturalis
Otospermophilus,Otospermophilus,Chordata,Mammalia,Rodentia,Sciuridae,Otospermophilus,NA
Hemidactylus mabouia,Hemidactylus mabouia,Chordata,Reptilia,Squamata,Gekkonidae,Hemidactylus,Hemidactylus mabouia
Sayornis phoebe,Sayornis phoebe,Chordata,Aves,Passeriformes,Tyrannidae,Sayornis,Sayornis phoebe
Tiliqua scincoides,Tiliqua scincoides,Chordata,Reptilia,Squamata,Scincidae,Tiliqua,Tiliqua scincoides
Crotalus oreganus oreganus,Crotalus oreganus oreganus,Chordata,Reptilia,Squamata,Viperidae,Crotalus,Crotalus oreganus
Acontias plumbeus,Acontias plumbeus,Chordata,Reptilia,Squamata,Scincidae,Acontias,Acontias plumbeus
Cyanocorax beecheii,Cyanocorax beecheii,Chordata,Aves,Passeriformes,Corvidae,Cyanocorax,Cyanocorax beecheii
Kobus leche leche,Kobus leche leche,Chordata,Mammalia,Artiodactyla,Bovidae,Kobus,Kobus leche
Heterodon platirhinos,Heterodon platirhinos,Chordata,Reptilia,Squamata,Colubridae,Heterodon,Heterodon platirhinos
Gonatodes,Gonatodes,Chordata,Reptilia,Squamata,Sphaerodactylidae,Gonatodes,NA
Plethodontohyla,Plethodontohyla,Chordata,Amphibia,Anura,Microhylidae,Plethodontohyla,NA
Polypedates megacephalus,Polypedates megacephalus,Chordata,Amphibia,Anura,Rhacophoridae,Polypedates,Polypedates megacephalus
Agkistrodon contortrix,Agkistrodon contortrix,Chordata,Reptilia,Squamata,Viperidae,Agkistrodon,Agkistrodon contortrix
Ptychadena,Ptychadena,Chordata,Amphibia,Anura,Ptychadenidae,Ptychadena,NA
Anolis equestris,Anolis equestris,Chordata,Reptilia,Squamata,Dactyloidae,Anolis,Anolis equestris
Ortalis wagleri,Ortalis wagleri,Chordata,Aves,Galliformes,Cracidae,Ortalis,Ortalis wagleri
Corvus albus,Corvus albus,Chordata,Aves,Passeriformes,Corvidae,Corvus,Corvus albus
Polypedates braueri,Polypedates braueri,Chordata,Amphibia,Anura,Rhacophoridae,Polypedates,Polypedates braueri
Amphisbaenia,Amphisbaenia,Chordata,Reptilia,Squamata,NA,NA,NA
Zhangixalus schlegelii,Zhangixalus schlegelii,Chordata,Amphibia,Anura,Rhacophoridae,Zhangixalus,Zhangixalus schlegelii
Tracheloptychus madagascariensis,Tracheloptychus madagascariensis,Chordata,Reptilia,Squamata,Gerrhosauridae,Tracheloptychus,Tracheloptychus madagascariensis
Cardinalis cardinalis,Cardinalis cardinalis,Chordata,Aves,Passeriformes,Cardinalidae,Cardinalis,Cardinalis cardinalis
Attila spadiceus,Attila spadiceus,Chordata,Aves,Passeriformes,Tyrannidae,Attila,Attila spadiceus
Pelodryadidae,Pelodryadidae,Chordata,Amphibia,Anura,Pelodryadidae,NA,NA
Phyllomedusa venusta,Phyllomedusa venusta,Chordata,Amphibia,Anura,Phyllomedusidae,Phyllomedusa,Phyllomedusa venusta
Furcifer pardalis,Furcifer pardalis,Chordata,Reptilia,Squamata,Chamaeleonidae,Furcifer,Furcifer pardalis
Bitis arietans,Bitis arietans,Chordata,Reptilia,Squamata,Viperidae,Bitis,Bitis arietans
Sciurus carolinensis,Sciurus carolinensis,Chordata,Mammalia,Rodentia,Sciuridae,Sciurus,Sciurus carolinensis
Teiidae,Teiidae,Chordata,Reptilia,Squamata,Teiidae,NA,NA
Chiromantis xerampelina,Chiromantis xerampelina,Chordata,Amphibia,Anura,Rhacophoridae,Chiromantis,Chiromantis xerampelina
Pavo cristatus,Pavo cristatus,Chordata,Aves,Galliformes,Phasianidae,Pavo,Pavo cristatus
Trachylepis,Trachylepis,Chordata,Reptilia,Squamata,Scincidae,Trachylepis,NA
Mammalia,Mammalia,Chordata,Mammalia,NA,NA,NA,NA
Thamnophis proximus,Thamnophis proximus,Chordata,Reptilia,Squamata,Colubridae,Thamnophis,Thamnophis proximus
Nucras lalandii,Nucras lalandii,Chordata,Reptilia,Squamata,Lacertidae,Nucras,Nucras lalandii
Ptychadena anchietae,Ptychadena anchietae,Chordata,Amphibia,Anura,Ptychadenidae,Ptychadena,Ptychadena anchietae
Trachylepis varia,Trachylepis varia,Chordata,Reptilia,Squamata,Scincidae,Trachylepis,Trachylepis varia
Nucras tessellata,Nucras tessellata,Chordata,Reptilia,Squamata,Lacertidae,Nucras,Nucras tessellata
Strongylopus grayii,Strongylopus grayii,Chordata,Amphibia,Anura,Pyxicephalidae,Strongylopus,Strongylopus grayii
Smaug breyeri,Smaug breyeri,Chordata,Reptilia,Squamata,Cordylidae,Smaug,Smaug breyeri
Acanthocercus atricollis,Acanthocercus atricollis,Chordata,Reptilia,Squamata,Agamidae,Acanthocercus,Acanthocercus atricollis
Rhabdomys pumilio,Rhabdomys pumilio,Chordata,Mammalia,Rodentia,Muridae,Rhabdomys,Rhabdomys pumilio
Aepyceros melampus,Aepyceros melampus,Chordata,Mammalia,Artiodactyla,Bovidae,Aepyceros,Aepyceros melampus
Cornu aspersum,Cornu aspersum,Mollusca,Gastropoda,Stylommatophora,Helicidae,Cornu,Cornu aspersum
Vandijkophrynus gariepensis,Vandijkophrynus gariepensis,Chordata,Amphibia,Anura,Bufonidae,Vandijkophrynus,Vandijkophrynus gariepensis
Bradypodion setaroi,Bradypodion setaroi,Chordata,Reptilia,Squamata,Chamaeleonidae,Bradypodion,Bradypodion setaroi
Amietia fuscigula,Amietia fuscigula,Chordata,Amphibia,Anura,Pyxicephalidae,Amietia,Amietia fuscigula
Passer diffusus stygiceps,Passer diffusus stygiceps,Chordata,Aves,Passeriformes,Passeridae,Passer,Passer diffusus
Agama atra,Agama atra,Chordata,Reptilia,Squamata,Agamidae,Agama,Agama atra
Anolis carolinensis,Anolis carolinensis,Chordata,Reptilia,Squamata,Dactyloidae,Anolis,Anolis carolinensis
Sclerophrys capensis,Sclerophrys capensis,Chordata,Amphibia,Anura,Bufonidae,Sclerophrys,Sclerophrys capensis
Macrelaps microlepidotus,Macrelaps microlepidotus,Chordata,Reptilia,Squamata,Lamprophiidae,Macrelaps,Macrelaps microlepidotus
Xenopus laevis,Xenopus laevis,Chordata,Amphibia,Anura,Pipidae,Xenopus,Xenopus laevis
Trachylepis capensis,Trachylepis capensis,Chordata,Reptilia,Squamata,Scincidae,Trachylepis,Trachylepis capensis
Crotalus atrox,Crotalus atrox,Chordata,Reptilia,Squamata,Viperidae,Crotalus,Crotalus atrox
Boophis,Boophis,Chordata,Amphibia,Anura,Mantellidae,Boophis,NA
Leptodactylus luctator,Leptodactylus luctator,Chordata,Amphibia,Anura,Leptodactylidae,Leptodactylus,Leptodactylus luctator
Gyrinophilus porphyriticus,Gyrinophilus porphyriticus,Chordata,Amphibia,Caudata,Plethodontidae,Gyrinophilus,Gyrinophilus porphyriticus
Pristimantis w-nigrum,Pristimantis w-nigrum,Chordata,Amphibia,Anura,Craugastoridae,Pristimantis,Pristimantis w-nigrum
Tropidurus hispidus,Tropidurus hispidus,Chordata,Reptilia,Squamata,Tropiduridae,Tropidurus,Tropidurus hispidus
Thamnophis radix,Thamnophis radix,Chordata,Reptilia,Squamata,Colubridae,Thamnophis,Thamnophis radix
Sceloporus occidentalis longipes,Sceloporus occidentalis longipes,Chordata,Reptilia,Squamata,Iguanidae,Sceloporus,Sceloporus occidentalis
Talpa,Talpa,Chordata,Mammalia,Soricomorpha,Talpidae,Talpa,NA
Mimus polyglottos,Mimus polyglottos,Chordata,Aves,Passeriformes,Mimidae,Mimus,Mimus polyglottos
Piranga ludoviciana,Piranga ludoviciana,Chordata,Aves,Passeriformes,Cardinalidae,Piranga,Piranga ludoviciana
Bufo formosus,Bufo formosus,Chordata,Amphibia,Anura,Bufonidae,Bufo,Bufo formosus
Sclerophrys,Sclerophrys,Chordata,Amphibia,Anura,Bufonidae,Sclerophrys,NA
Centrarchidae,Centrarchidae,Chordata,Actinopterygii,Perciformes,Centrarchidae,NA,NA
Rhinella icterica,Rhinella icterica,Chordata,Amphibia,Anura,Bufonidae,Rhinella,Rhinella icterica
Ophisaurus,Ophisaurus,Chordata,Reptilia,Squamata,Anguidae,Ophisaurus,NA
Leporidae,Leporidae,Chordata,Mammalia,Lagomorpha,Leporidae,NA,NA
Buergeria robusta,Buergeria robusta,Chordata,Amphibia,Anura,Rhacophoridae,Buergeria,Buergeria robusta
Arion,Arion,Mollusca,Gastropoda,Stylommatophora,Arionidae,Arion,NA
Bufo sachalinensis,Bufo sachalinensis,Chordata,Amphibia,Anura,Bufonidae,Bufo,Bufo sachalinensis
Neotoma fuscipes,Neotoma fuscipes,Chordata,Mammalia,Rodentia,Cricetidae,Neotoma,Neotoma fuscipes
Chondrodactylus bibronii,Chondrodactylus bibronii,Chordata,Reptilia,Squamata,Gekkonidae,Chondrodactylus,Chondrodactylus bibronii
Cophosaurus texanus,Cophosaurus texanus,Chordata,Reptilia,Squamata,Phrynosomatidae,Cophosaurus,Cophosaurus texanus
Tettigoniidae,Tettigoniidae,Arthropoda,Insecta,Orthoptera,Tettigoniidae,NA,NA
Amynthas,Amynthas,Annelida,Clitellata,Opisthopora,Megascolecidae,Amynthas,NA
Thamnophis sirtalis sirtalis,Thamnophis sirtalis sirtalis,Chordata,Reptilia,Squamata,Colubridae,Thamnophis,Thamnophis sirtalis
Haemorhous mexicanus,Haemorhous mexicanus,Chordata,Aves,Passeriformes,Fringillidae,Haemorhous,Haemorhous mexicanus
Boana raniceps,Boana raniceps,Chordata,Amphibia,Anura,Hylidae,Boana,Boana raniceps
Glis glis,Glis glis,Chordata,Mammalia,Rodentia,Gliridae,Glis,Glis glis
Virginia,Virginia,Chordata,Reptilia,Squamata,Colubridae,Virginia,NA
Incilius,Incilius,Chordata,Amphibia,Anura,Bufonidae,Incilius,NA
Anguis veronensis,Anguis veronensis,Chordata,Reptilia,Squamata,Anguidae,Anguis,Anguis veronensis
Amphiuma means,Amphiuma means,Chordata,Amphibia,Caudata,Amphiumidae,Amphiuma,Amphiuma means
Plestiodon skiltonianus,Plestiodon skiltonianus,Chordata,Reptilia,Squamata,Scincidae,Plestiodon,Plestiodon skiltonianus
Incilius valliceps,Incilius valliceps,Chordata,Amphibia,Anura,Bufonidae,Incilius,Incilius valliceps
Rana cascadae,Rana cascadae,Chordata,Amphibia,Anura,Ranidae,Rana,Rana cascadae
Fejervarya cancrivora,Fejervarya cancrivora,Chordata,Amphibia,Anura,Dicroglossidae,Fejervarya,Fejervarya cancrivora
Chaetodipus,Chaetodipus,Chordata,Mammalia,Rodentia,Heteromyidae,Chaetodipus,NA
Neotoma,Neotoma,Chordata,Mammalia,Rodentia,Cricetidae,Neotoma,NA
Gekko chinensis,Gekko chinensis,Chordata,Reptilia,Squamata,Gekkonidae,Gekko,Gekko chinensis
Limnonectes malesianus,Limnonectes malesianus,Chordata,Amphibia,Anura,Dicroglossidae,Limnonectes,Limnonectes malesianus
Haemorhous purpureus,Haemorhous purpureus,Chordata,Aves,Passeriformes,Fringillidae,Haemorhous,Haemorhous purpureus
Sigmodon hispidus,Sigmodon hispidus,Chordata,Mammalia,Rodentia,Cricetidae,Sigmodon,Sigmodon hispidus
Elgaria coerulea,Elgaria coerulea,Chordata,Reptilia,Squamata,Anguidae,Elgaria,Elgaria coerulea
Todirostrum cinereum,Todirostrum cinereum,Chordata,Aves,Passeriformes,Tyrannidae,Todirostrum,Todirostrum cinereum
Oplurus cuvieri,Oplurus cuvieri,Chordata,Reptilia,Squamata,Opluridae,Oplurus,Oplurus cuvieri
Tropidolaemus subannulatus,Tropidolaemus subannulatus,Chordata,Reptilia,Squamata,Viperidae,Tropidolaemus,Tropidolaemus subannulatus
Breviceps gibbosus,Breviceps gibbosus,Chordata,Amphibia,Anura,Brevicipitidae,Breviceps,Breviceps gibbosus
Sphenomorphus,Sphenomorphus,Chordata,Reptilia,Squamata,Scincidae,Sphenomorphus,NA
Amphiuma tridactylum,Amphiuma tridactylum,Chordata,Amphibia,Caudata,Amphiumidae,Amphiuma,Amphiuma tridactylum
Plestiodon kishinouyei,Plestiodon kishinouyei,Chordata,Reptilia,Squamata,Scincidae,Plestiodon,Plestiodon kishinouyei
Boana semilineata,Boana semilineata,Chordata,Amphibia,Anura,Hylidae,Boana,Boana semilineata
Spilotes pullatus,Spilotes pullatus,Chordata,Reptilia,Squamata,Colubridae,Spilotes,Spilotes pullatus
Hoplobatrachus chinensis,Hoplobatrachus chinensis,Chordata,Amphibia,Anura,Dicroglossidae,Hoplobatrachus,Hoplobatrachus chinensis
Rhinocheilus,Rhinocheilus,Chordata,Reptilia,Squamata,Colubridae,Rhinocheilus,NA
Trachylepis perrotetii,Trachylepis perrotetii,Chordata,Reptilia,Squamata,Scincidae,Trachylepis,Trachylepis perrotetii
Dicroglossinae,Dicroglossinae,Chordata,Amphibia,Anura,Dicroglossidae,NA,NA
Aspidoscelis gularis,Aspidoscelis gularis,Chordata,Reptilia,Squamata,Teiidae,Aspidoscelis,Aspidoscelis gularis
Rana coreana,Rana coreana,Chordata,Amphibia,Anura,Ranidae,Rana,Rana coreana
Ctenosaura similis,Ctenosaura similis,Chordata,Reptilia,Squamata,Iguanidae,Ctenosaura,Ctenosaura similis
Rhinella horribilis,Rhinella horribilis,Chordata,Amphibia,Anura,Bufonidae,Rhinella,Rhinella horribilis
Amietia delalandii,Amietia delalandii,Chordata,Amphibia,Anura,Pyxicephalidae,Amietia,Amietia delalandii
Turdus grayi,Turdus grayi,Chordata,Aves,Passeriformes,Turdidae,Turdus,Turdus grayi
Craugastor,Craugastor,Chordata,Amphibia,Anura,Craugastoridae,Craugastor,NA
Heleophryne purcelli,Heleophryne purcelli,Chordata,Amphibia,Anura,Heleophrynidae,Heleophryne,Heleophryne purcelli
Trachylepis striata,Trachylepis striata,Chordata,Reptilia,Squamata,Scincidae,Trachylepis,Trachylepis striata
Kobus kob,Kobus kob,Chordata,Mammalia,Artiodactyla,Bovidae,Kobus,Kobus kob
Anguis fragilis,Anguis fragilis,Chordata,Reptilia,Squamata,Anguidae,Anguis,Anguis fragilis
Rhinella,Rhinella,Chordata,Amphibia,Anura,Bufonidae,Rhinella,NA
Coryphistera alaudina,Coryphistera alaudina,Chordata,Aves,Passeriformes,Furnariidae,Coryphistera,Coryphistera alaudina
Duellmanohyla salvadorensis,Duellmanohyla salvadorensis,Chordata,Amphibia,Anura,Hylidae,Duellmanohyla,Duellmanohyla salvadorensis
Psammodynastes pulverulentus pulverulentus,Psammodynastes pulverulentus pulverulentus,Chordata,Reptilia,Squamata,Lamprophiidae,Psammodynastes,Psammodynastes pulverulentus
Thylogale,Thylogale,Chordata,Mammalia,Diprotodontia,Macropodidae,Thylogale,NA
Cordylus niger,Cordylus niger,Chordata,Reptilia,Squamata,Cordylidae,Cordylus,Cordylus niger
Pantherophis emoryi,Pantherophis emoryi,Chordata,Reptilia,Squamata,Colubridae,Pantherophis,Pantherophis emoryi
Tenuidactylus caspius,Tenuidactylus caspius,Chordata,Reptilia,Squamata,Gekkonidae,Tenuidactylus,Tenuidactylus caspius
Picidae,Picidae,Chordata,Aves,Piciformes,Picidae,NA,NA
Serpentes,Serpentes,Chordata,Reptilia,Squamata,NA,NA,NA
Polypedates leucomystax,Polypedates leucomystax,Chordata,Amphibia,Anura,Rhacophoridae,Polypedates,Polypedates leucomystax
Aspidoscelis sexlineatus,Aspidoscelis sexlineatus,Chordata,Reptilia,Squamata,Teiidae,Aspidoscelis,Aspidoscelis sexlineatus
Daboia russelii,Daboia russelii,Chordata,Reptilia,Squamata,Viperidae,Daboia,Daboia russelii
Trimorphodon lambda,Trimorphodon lambda,Chordata,Reptilia,Squamata,Colubridae,Trimorphodon,Trimorphodon lambda
Lampropeltis getula,Lampropeltis getula,Chordata,Reptilia,Squamata,Colubridae,Lampropeltis,Lampropeltis getula
Hemidactylus greeffii,Hemidactylus greeffii,Chordata,Reptilia,Squamata,Gekkonidae,Hemidactylus,Hemidactylus greeffii
Dorosoma,Dorosoma,Chordata,Actinopterygii,Clupeiformes,Clupeidae,Dorosoma,NA
Rana aurora,Rana aurora,Chordata,Amphibia,Anura,Ranidae,Rana,Rana aurora
Ambystoma maculatum,Ambystoma maculatum,Chordata,Amphibia,Caudata,Ambystomatidae,Ambystoma,Ambystoma maculatum
Philantomba monticola,Philantomba monticola,Chordata,Mammalia,Artiodactyla,Bovidae,Philantomba,Philantomba monticola
Duttaphrynus,Duttaphrynus,Chordata,Amphibia,Anura,Bufonidae,Duttaphrynus,NA
Acontias meleagris,Acontias meleagris,Chordata,Reptilia,Squamata,Scincidae,Acontias,Acontias meleagris
Pteropodidae,Pteropodidae,Chordata,Mammalia,Chiroptera,Pteropodidae,NA,NA
Hyla cinerea,Hyla cinerea,Chordata,Amphibia,Anura,Hylidae,Hyla,Hyla cinerea
Opsariichthys evolans,Opsariichthys evolans,Chordata,Actinopterygii,Cypriniformes,Xenocyprididae,Ospariichthys,NA
Neogobius,Neogobius,Chordata,Actinopterygii,Perciformes,Gobiidae,Neogobius,NA
Boana prasina,Boana prasina,Chordata,Amphibia,Anura,Hylidae,Boana,Boana prasina
Calotes versicolor,Calotes versicolor,Chordata,Reptilia,Squamata,Agamidae,Calotes,Calotes versicolor
Rana arvalis,Rana arvalis,Chordata,Amphibia,Anura,Ranidae,Rana,Rana arvalis
Centrarchus macropterus,Centrarchus macropterus,Chordata,Actinopterygii,Perciformes,Centrarchidae,Centrarchus,Centrarchus macropterus
Ophiophagus hannah,Ophiophagus hannah,Chordata,Reptilia,Squamata,Elapidae,Ophiophagus,Ophiophagus hannah
Lepus capensis,Lepus capensis,Chordata,Mammalia,Lagomorpha,Leporidae,Lepus,Lepus capensis
Cyprinidae,Cyprinidae,Chordata,Actinopterygii,Cypriniformes,Cyprinidae,NA,NA
Sciurus aureogaster,Sciurus aureogaster,Chordata,Mammalia,Rodentia,Sciuridae,Sciurus,Sciurus aureogaster
Lacertidae,Lacertidae,Chordata,Reptilia,Squamata,Lacertidae,NA,NA
Lithobates areolatus,Lithobates areolatus,Chordata,Amphibia,Anura,Ranidae,Lithobates,Lithobates areolatus
Coluber constrictor mormon,Coluber constrictor mormon,Chordata,Reptilia,Squamata,Colubridae,Coluber,Coluber constrictor
Podarcis siculus,Podarcis siculus,Chordata,Reptilia,Squamata,Lacertidae,Podarcis,Podarcis siculus
Leptodactylus,Leptodactylus,Chordata,Amphibia,Anura,Leptodactylidae,Leptodactylus,NA
Didelphinae,Didelphinae,Chordata,Mammalia,Didelphimorphia,Didelphidae,NA,NA
Bronchocela cristatella,Bronchocela cristatella,Chordata,Reptilia,Squamata,Agamidae,Bronchocela,Bronchocela cristatella
Hemidactylus flaviviridis,Hemidactylus flaviviridis,Chordata,Reptilia,Squamata,Gekkonidae,Hemidactylus,Hemidactylus flaviviridis
Smilisca sordida,Smilisca sordida,Chordata,Amphibia,Anura,Hylidae,Smilisca,Smilisca sordida
Nerodia fasciata confluens,Nerodia fasciata confluens,Chordata,Reptilia,Squamata,Colubridae,Nerodia,Nerodia fasciata
Helicops leopardinus,Helicops leopardinus,Chordata,Reptilia,Squamata,Colubridae,Helicops,Helicops leopardinus
Alburnus alburnus,Alburnus alburnus,Chordata,Actinopterygii,Cypriniformes,Leuciscidae,Alburnus,Alburnus alburnus
Callipepla gambelii,Callipepla gambelii,Chordata,Aves,Galliformes,Odontophoridae,Callipepla,Callipepla gambelii
Gobiidae,Gobiidae,Chordata,Actinopterygii,Perciformes,Gobiidae,NA,NA
Zenaida asiatica,Zenaida asiatica,Chordata,Aves,Columbiformes,Columbidae,Zenaida,Zenaida asiatica
Natrix tessellata,Natrix tessellata,Chordata,Reptilia,Squamata,Colubridae,Natrix,Natrix tessellata
Pantherophis,Pantherophis,Chordata,Reptilia,Squamata,Colubridae,Pantherophis,NA
Sauromalus ater,Sauromalus ater,Chordata,Reptilia,Squamata,Iguanidae,Sauromalus,Sauromalus ater
Hoplobatrachus tigerinus,Hoplobatrachus tigerinus,Chordata,Amphibia,Anura,Dicroglossidae,Hoplobatrachus,Hoplobatrachus tigerinus
Trichonephila clavipes,Trichonephila clavipes,Arthropoda,Euchelicerata,Araneae,Araneidae,Trichonephila,Trichonephila clavipes
Planorbarius corneus,Planorbarius corneus,Mollusca,Gastropoda,Hygrophila,Planorbidae,Planorbarius,Planorbarius corneus
Rhinella beebei,Rhinella beebei,Chordata,Amphibia,Anura,Bufonidae,Rhinella,Rhinella beebei
Indirana,Indirana,Chordata,Amphibia,Anura,Ranixalidae,Indirana,NA
Rana,Rana,Chordata,Amphibia,Anura,Ranidae,Rana,NA
Anaxyrus boreas halophilus,Anaxyrus boreas halophilus,Chordata,Amphibia,Anura,Bufonidae,Anaxyrus,Anaxyrus boreas
Oryctolagus cuniculus,Oryctolagus cuniculus,Chordata,Mammalia,Lagomorpha,Leporidae,Oryctolagus,Oryctolagus cuniculus
Oncorhynchus clarkii,Oncorhynchus clarkii,Chordata,Actinopterygii,Salmoniformes,Salmonidae,Oncorhynchus,Oncorhynchus clarkii
Salamandra salamandra,Salamandra salamandra,Chordata,Amphibia,Caudata,Salamandridae,Salamandra,Salamandra salamandra
Anaxyrus punctatus,Anaxyrus punctatus,Chordata,Amphibia,Anura,Bufonidae,Anaxyrus,Anaxyrus punctatus
Setophaga,Setophaga,Chordata,Aves,Passeriformes,Parulidae,Setophaga,NA
Crotalus pyrrhus,Crotalus pyrrhus,Chordata,Reptilia,Squamata,Viperidae,Crotalus,Crotalus pyrrhus
Didelphis virginiana,Didelphis virginiana,Chordata,Mammalia,Didelphimorphia,Didelphidae,Didelphis,Didelphis virginiana
Boa imperator,Boa imperator,Chordata,Reptilia,Squamata,Boidae,Boa,Boa imperator
Hyla versicolor,Hyla versicolor,Chordata,Amphibia,Anura,Hylidae,Hyla,Hyla versicolor
Trachylepis punctatissima,Trachylepis punctatissima,Chordata,Reptilia,Squamata,Scincidae,Trachylepis,Trachylepis punctatissima
Natrix natrix,Natrix natrix,Chordata,Reptilia,Squamata,Colubridae,Natrix,Natrix natrix
Cottidae,Cottidae,Chordata,Actinopterygii,Scorpaeniformes,Cottidae,NA,NA
Rhacophorus malabaricus,Rhacophorus malabaricus,Chordata,Amphibia,Anura,Rhacophoridae,Rhacophorus,Rhacophorus malabaricus
Peromyscus,Peromyscus,Chordata,Mammalia,Rodentia,Cricetidae,Peromyscus,NA
Silurus glanis,Silurus glanis,Chordata,Actinopterygii,Siluriformes,Siluridae,Silurus,Silurus glanis
Eremiadinae,Eremiadinae,Chordata,Reptilia,Squamata,Lacertidae,NA,NA
Lacerta agilis,Lacerta agilis,Chordata,Reptilia,Squamata,Lacertidae,Lacerta,Lacerta agilis
Danaus plexippus,Danaus plexippus,Arthropoda,Insecta,Lepidoptera,Nymphalidae,Danaus,Danaus plexippus
Saproscincus rosei,Saproscincus rosei,Chordata,Reptilia,Squamata,Scincidae,Saproscincus,Saproscincus rosei
Cavioidea,Cavioidea,Chordata,Mammalia,Rodentia,NA,NA,NA
Scolopendra cingulata,Scolopendra cingulata,Arthropoda,Chilopoda,Scolopendromorpha,Scolopendridae,Scolopendra,Scolopendra cingulata
Ploceus capensis,Ploceus capensis,Chordata,Aves,Passeriformes,Ploceidae,Ploceus,Ploceus capensis
Trachylepis wahlbergii,Trachylepis wahlbergii,Chordata,Reptilia,Squamata,Scincidae,Trachylepis,Trachylepis wahlbergii
Sceloporus torquatus,Sceloporus torquatus,Chordata,Reptilia,Squamata,Iguanidae,Sceloporus,Sceloporus torquatus
Cnemidophorus arubensis,Cnemidophorus arubensis,Chordata,Reptilia,Squamata,Teiidae,Cnemidophorus,Cnemidophorus arubensis
Saccopteryx bilineata,Saccopteryx bilineata,Chordata,Mammalia,Chiroptera,Emballonuridae,Saccopteryx,Saccopteryx bilineata
Aspidoscelis deppii,Aspidoscelis deppii,Chordata,Reptilia,Squamata,Teiidae,Aspidoscelis,Aspidoscelis deppii
Dendropsophus microcephalus,Dendropsophus microcephalus,Chordata,Amphibia,Anura,Hylidae,Dendropsophus,Dendropsophus microcephalus
Sceloporus olivaceus,Sceloporus olivaceus,Chordata,Reptilia,Squamata,Iguanidae,Sceloporus,Sceloporus olivaceus
Coluber constrictor flaviventris,Coluber constrictor flaviventris,Chordata,Reptilia,Squamata,Colubridae,Coluber,Coluber constrictor
Rhinella marina,Rhinella marina,Chordata,Amphibia,Anura,Bufonidae,Rhinella,Rhinella marina
Panaspis wahlbergii,Panaspis wahlbergii,Chordata,Reptilia,Squamata,Scincidae,Panaspis,Panaspis wahlbergii
Crotaphopeltis hotamboeia,Crotaphopeltis hotamboeia,Chordata,Reptilia,Squamata,Colubridae,Crotaphopeltis,Crotaphopeltis hotamboeia
Chiromantis,Chiromantis,Chordata,Amphibia,Anura,Rhacophoridae,Chiromantis,NA
Squalius cephalus,Squalius cephalus,Chordata,Actinopterygii,Cypriniformes,Leuciscidae,Squalius,Squalius cephalus
Polioptila melanura,Polioptila melanura,Chordata,Aves,Passeriformes,Polioptilidae,Polioptila,Polioptila melanura
Indosylvirana,Indosylvirana,Chordata,Amphibia,Anura,Ranidae,Indosylvirana,NA
Pseudocheirus peregrinus,Pseudocheirus peregrinus,Chordata,Mammalia,Diprotodontia,Pseudocheiridae,Pseudocheirus,Pseudocheirus peregrinus
Cordylidae,Cordylidae,Chordata,Reptilia,Squamata,Cordylidae,NA,NA
Cyprinus carpio carpio,Cyprinus carpio carpio,Chordata,Actinopterygii,Cypriniformes,Cyprinidae,Cyprinus,Cyprinus carpio
Agalychnis callidryas,Agalychnis callidryas,Chordata,Amphibia,Anura,Phyllomedusidae,Agalychnis,Agalychnis callidryas
Chalcides ocellatus,Chalcides ocellatus,Chordata,Reptilia,Squamata,Scincidae,Chalcides,Chalcides ocellatus
Masticophis lateralis lateralis,Masticophis lateralis lateralis,Chordata,Reptilia,Squamata,Colubridae,Masticophis,Masticophis lateralis
Kaloula pulchra,Kaloula pulchra,Chordata,Amphibia,Anura,Microhylidae,Kaloula,Kaloula pulchra
Cacosternum boettgeri,Cacosternum boettgeri,Chordata,Amphibia,Anura,Pyxicephalidae,Cacosternum,Cacosternum boettgeri
Tragelaphus angasii,Tragelaphus angasii,Chordata,Mammalia,Artiodactyla,Bovidae,Tragelaphus,Tragelaphus angasii
Lithobates grylio,Lithobates grylio,Chordata,Amphibia,Anura,Ranidae,Lithobates,Lithobates grylio
Gekko,Gekko,Chordata,Reptilia,Squamata,Gekkonidae,Gekko,NA
Dasyprocta punctata,Dasyprocta punctata,Chordata,Mammalia,Rodentia,Dasyproctidae,Dasyprocta,Dasyprocta punctata
Taricha granulosa,Taricha granulosa,Chordata,Amphibia,Caudata,Salamandridae,Taricha,Taricha granulosa
Streptopelia semitorquata,Streptopelia semitorquata,Chordata,Aves,Columbiformes,Columbidae,Streptopelia,Streptopelia semitorquata
Atractaspididae,Atractaspididae,Chordata,Reptilia,Squamata,Atractaspididae,NA,NA
Liolaemus pictus,Liolaemus pictus,Chordata,Reptilia,Squamata,Liolaemidae,Liolaemus,Liolaemus pictus
Lepidodactylus,Lepidodactylus,Chordata,Reptilia,Squamata,Gekkonidae,Lepidodactylus,NA
Tinamus major,Tinamus major,Chordata,Aves,Tinamiformes,Tinamidae,Tinamus,Tinamus major
Testudines,Testudines,Chordata,Reptilia,Testudines,NA,NA,NA
Rhinella major,Rhinella major,Chordata,Amphibia,Anura,Bufonidae,Rhinella,Rhinella major
Acontiinae,Acontiinae,Chordata,Reptilia,Squamata,Scincidae,NA,NA
Elgaria multicarinata webbii,Elgaria multicarinata webbii,Chordata,Reptilia,Squamata,Anguidae,Elgaria,Elgaria multicarinata
Breviceps,Breviceps,Chordata,Amphibia,Anura,Brevicipitidae,Breviceps,NA
Neogobius melanostomus,Neogobius melanostomus,Chordata,Actinopterygii,Perciformes,Gobiidae,Neogobius,Neogobius melanostomus
Eremias arguta,Eremias arguta,Chordata,Reptilia,Squamata,Lacertidae,Eremias,Eremias arguta
Oxyrhopus clathratus,Oxyrhopus clathratus,Chordata,Reptilia,Squamata,Colubridae,Oxyrhopus,Oxyrhopus clathratus
Plethodon glutinosus,Plethodon glutinosus,Chordata,Amphibia,Caudata,Plethodontidae,Plethodon,Plethodon glutinosus
Podarcis,Podarcis,Chordata,Reptilia,Squamata,Lacertidae,Podarcis,NA
Artiodactyla,Artiodactyla,Chordata,Mammalia,Artiodactyla,NA,NA,NA
Oxyrhopus petolarius,Oxyrhopus petolarius,Chordata,Reptilia,Squamata,Colubridae,Oxyrhopus,Oxyrhopus petolarius
Vertebrata,Vertebrata,Chordata,NA,NA,NA,NA,NA
Sylvilagus audubonii,Sylvilagus audubonii,Chordata,Mammalia,Lagomorpha,Leporidae,Sylvilagus,Sylvilagus audubonii
Ambystoma texanum,Ambystoma texanum,Chordata,Amphibia,Caudata,Ambystomatidae,Ambystoma,Ambystoma texanum
Lycodonomorphus inornatus,Lycodonomorphus inornatus,Chordata,Reptilia,Squamata,Lamprophiidae,Lycodonomorphus,Lycodonomorphus inornatus
Bothrops asper,Bothrops asper,Chordata,Reptilia,Squamata,Viperidae,Bothrops,Bothrops asper
Didelphidae,Didelphidae,Chordata,Mammalia,Didelphimorphia,Didelphidae,NA,NA
Tetradactylus,Tetradactylus,Chordata,Reptilia,Squamata,Gerrhosauridae,Tetradactylus,NA
Plethodon cinereus,Plethodon cinereus,Chordata,Amphibia,Caudata,Plethodontidae,Plethodon,Plethodon cinereus
Darevskia,Darevskia,Chordata,Reptilia,Squamata,Lacertidae,Darevskia,NA
Epidalea calamita,Epidalea calamita,Chordata,Amphibia,Anura,Bufonidae,Epidalea,Epidalea calamita
Eutropis carinata,Eutropis carinata,Chordata,Reptilia,Squamata,Scincidae,Eutropis,Eutropis carinata
Passer melanurus,Passer melanurus,Chordata,Aves,Passeriformes,Passeridae,Passer,Passer melanurus
Afrogecko porphyreus,Afrogecko porphyreus,Chordata,Reptilia,Squamata,Gekkonidae,Afrogecko,Afrogecko porphyreus
Thamnophis,Thamnophis,Chordata,Reptilia,Squamata,Colubridae,Thamnophis,NA
Thamnophis elegans vagrans,Thamnophis elegans vagrans,Chordata,Reptilia,Squamata,Colubridae,Thamnophis,Thamnophis elegans
Cypriniformes,Cypriniformes,Chordata,Actinopterygii,Cypriniformes,NA,NA,NA
Acontias,Acontias,Chordata,Reptilia,Squamata,Scincidae,Acontias,NA
Stichaeidae,Stichaeidae,Chordata,Actinopterygii,Perciformes,Stichaeidae,NA,NA
Diadophis punctatus amabilis,Diadophis punctatus amabilis,Chordata,Reptilia,Squamata,Colubridae,Diadophis,Diadophis punctatus
Polypedates,Polypedates,Chordata,Amphibia,Anura,Rhacophoridae,Polypedates,NA
Boaedon capensis,Boaedon capensis,Chordata,Reptilia,Squamata,Lamprophiidae,Boaedon,Boaedon capensis
Crotalus ruber,Crotalus ruber,Chordata,Reptilia,Squamata,Viperidae,Crotalus,Crotalus ruber
Thamnophis marcianus,Thamnophis marcianus,Chordata,Reptilia,Squamata,Colubridae,Thamnophis,Thamnophis marcianus
Calotes calotes,Calotes calotes,Chordata,Reptilia,Squamata,Agamidae,Calotes,Calotes calotes
Sceloporus variabilis,Sceloporus variabilis,Chordata,Reptilia,Squamata,Iguanidae,Sceloporus,Sceloporus variabilis
Callipepla californica,Callipepla californica,Chordata,Aves,Galliformes,Odontophoridae,Callipepla,Callipepla californica
Diploderma polygonatum xanthostomum,Diploderma polygonatum xanthostomum,Chordata,Reptilia,Squamata,Draconinae,Diploderma,Diploderma polygonatum
Gygis alba,Gygis alba,Chordata,Aves,Charadriiformes,Laridae,Gygis,Gygis alba
Pteropus poliocephalus,Pteropus poliocephalus,Chordata,Mammalia,Chiroptera,Pteropodidae,Pteropus,Pteropus poliocephalus
Pseudonaja textilis,Pseudonaja textilis,Chordata,Reptilia,Squamata,Elapidae,Pseudonaja,Pseudonaja textilis
Sceloporus cowlesi,Sceloporus cowlesi,Chordata,Reptilia,Squamata,Iguanidae,Sceloporus,Sceloporus cowlesi
Trimerodytes percarinatus,Trimerodytes percarinatus,Chordata,Reptilia,Squamata,Colubridae,Trimerodytes,Trimerodytes percarinatus
Quasipaa exilispinosa,Quasipaa exilispinosa,Chordata,Amphibia,Anura,Dicroglossidae,Quasipaa,Quasipaa exilispinosa
Uropeltis,Uropeltis,Chordata,Reptilia,Squamata,Uropeltidae,Uropeltis,NA
Spinus psaltria,Spinus psaltria,Chordata,Aves,Passeriformes,Fringillidae,Spinus,Spinus psaltria
Boiga cynodon,Boiga cynodon,Chordata,Reptilia,Squamata,Colubridae,Boiga,Boiga cynodon
Notophthalmus viridescens,Notophthalmus viridescens,Chordata,Amphibia,Caudata,Salamandridae,Notophthalmus,Notophthalmus viridescens
Gambusia,Gambusia,Chordata,Actinopterygii,Cyprinodontiformes,Poeciliidae,Gambusia,NA
Bufotes viridis viridis,Bufotes viridis viridis,Chordata,Amphibia,Anura,Bufonidae,Bufotes,Bufotes viridis
Leptodactylus mystacinus,Leptodactylus mystacinus,Chordata,Amphibia,Anura,Leptodactylidae,Leptodactylus,Leptodactylus mystacinus
Catostomus commersonii,Catostomus commersonii,Chordata,Actinopterygii,Cypriniformes,Catostomidae,Catostomus,Catostomus commersonii
Pelobates vespertinus,Pelobates vespertinus,Chordata,Amphibia,Anura,Pelobatidae,Pelobates,Pelobates vespertinus
Carassius,Carassius,Chordata,Actinopterygii,Cypriniformes,Cyprinidae,Carassius,NA
Caloenas nicobarica,Caloenas nicobarica,Chordata,Aves,Columbiformes,Columbidae,Caloenas,Caloenas nicobarica
Hyla squirella,Hyla squirella,Chordata,Amphibia,Anura,Hylidae,Hyla,Hyla squirella
Junco hyemalis,Junco hyemalis,Chordata,Aves,Passeriformes,Passerellidae,Junco,Junco hyemalis
Trachemys scripta,Trachemys scripta,Chordata,Reptilia,Testudines,Emydidae,Trachemys,Trachemys scripta
Zhangixalus dennysi,Zhangixalus dennysi,Chordata,Amphibia,Anura,Rhacophoridae,Zhangixalus,Zhangixalus dennysi
Psammodromus algirus,Psammodromus algirus,Chordata,Reptilia,Squamata,Lacertidae,Psammodromus,Psammodromus algirus
Philodryas chamissonis,Philodryas chamissonis,Chordata,Reptilia,Squamata,Colubridae,Philodryas,Philodryas chamissonis
Molothrus ater,Molothrus ater,Chordata,Aves,Passeriformes,Icteridae,Molothrus,Molothrus ater
Odonata,Odonata,Arthropoda,Insecta,Odonata,NA,NA,NA
Bothrops,Bothrops,Chordata,Reptilia,Squamata,Viperidae,Bothrops,NA
Trachops cirrhosus,Trachops cirrhosus,Chordata,Mammalia,Chiroptera,Phyllostomidae,Trachops,Trachops cirrhosus
Setophaga magnolia,Setophaga magnolia,Chordata,Aves,Passeriformes,Parulidae,Setophaga,Setophaga magnolia
Coluber constrictor,Coluber constrictor,Chordata,Reptilia,Squamata,Colubridae,Coluber,Coluber constrictor
Masticophis flagellum testaceus,Masticophis flagellum testaceus,Chordata,Reptilia,Squamata,Colubridae,Masticophis,Masticophis flagellum
Nyctimystes infrafrenatus,Nyctimystes infrafrenatus,Chordata,Amphibia,Anura,Pelodryadidae,Nyctimystes,Nyctimystes infrafrenatus
Salmo trutta,Salmo trutta,Chordata,Actinopterygii,Salmoniformes,Salmonidae,Salmo,Salmo trutta
Myiozetetes similis,Myiozetetes similis,Chordata,Aves,Passeriformes,Tyrannidae,Myiozetetes,Myiozetetes similis
Rhacophorus pardalis,Rhacophorus pardalis,Chordata,Amphibia,Anura,Rhacophoridae,Rhacophorus,Rhacophorus pardalis
Ablepharus deserti,Ablepharus deserti,Chordata,Reptilia,Squamata,Scincidae,Ablepharus,Ablepharus deserti
Basiliscus basiliscus,Basiliscus basiliscus,Chordata,Reptilia,Squamata,Corytophanidae,Basiliscus,Basiliscus basiliscus
Hipposideros pomona,Hipposideros pomona,Chordata,Mammalia,Chiroptera,Hipposideridae,Hipposideros,Hipposideros pomona
Noturus,Noturus,Chordata,Actinopterygii,Siluriformes,Ictaluridae,Noturus,NA
Pristimantis,Pristimantis,Chordata,Amphibia,Anura,Craugastoridae,Pristimantis,NA
Cavia aperea,Cavia aperea,Chordata,Mammalia,Rodentia,Caviidae,Cavia,Cavia aperea
Sciurus colliaei,Sciurus colliaei,Chordata,Mammalia,Rodentia,Sciuridae,Sciurus,Sciurus colliaei
Anaxyrus fowleri,Anaxyrus fowleri,Chordata,Amphibia,Anura,Bufonidae,Anaxyrus,Anaxyrus fowleri
Lampropeltis holbrooki,Lampropeltis holbrooki,Chordata,Reptilia,Squamata,Colubridae,Lampropeltis,Lampropeltis holbrooki
Hypsiglena chlorophaea,Hypsiglena chlorophaea,Chordata,Reptilia,Squamata,Colubridae,Hypsiglena,Hypsiglena chlorophaea
Polychrus auduboni,Polychrus auduboni,Chordata,Lepidosauria,Squamata,Polychrotidae,Polychrus,Polychrus auduboni
Eptesicus fuscus,Eptesicus fuscus,Chordata,Mammalia,Chiroptera,Vespertilionidae,Eptesicus,Eptesicus fuscus
Streptopelia decaocto,Streptopelia decaocto,Chordata,Aves,Columbiformes,Columbidae,Streptopelia,Streptopelia decaocto
Limnodynastes tasmaniensis,Limnodynastes tasmaniensis,Chordata,Amphibia,Anura,Limnodynastidae,Limnodynastes,Limnodynastes tasmaniensis
Parablennius,Parablennius,Chordata,Actinopterygii,Perciformes,Blenniidae,Parablennius,NA
Hylidae,Hylidae,Chordata,Amphibia,Anura,Hylidae,NA,NA
Bellatorias frerei,Bellatorias frerei,Chordata,Reptilia,Squamata,Scincidae,Bellatorias,Bellatorias frerei
Fejervarya sakishimensis,Fejervarya sakishimensis,Chordata,Amphibia,Anura,Dicroglossidae,Fejervarya,Fejervarya sakishimensis
Synbranchus marmoratus,Synbranchus marmoratus,Chordata,Actinopterygii,Synbranchiformes,Synbranchidae,Synbranchus,Synbranchus marmoratus
Ranoidea chloris,Ranoidea chloris,Chordata,Amphibia,Anura,Pelodryadidae,Ranoidea,Ranoidea chloris
Storeria occipitomaculata,Storeria occipitomaculata,Chordata,Reptilia,Squamata,Colubridae,Storeria,Storeria occipitomaculata
Eutropis multifasciata,Eutropis multifasciata,Chordata,Reptilia,Squamata,Scincidae,Eutropis,Eutropis multifasciata
Fejervarya,Fejervarya,Chordata,Amphibia,Anura,Dicroglossidae,Fejervarya,NA
Pituophis catenifer annectens,Pituophis catenifer annectens,Chordata,Reptilia,Squamata,Colubridae,Pituophis,Pituophis catenifer
Enhydris enhydris,Enhydris enhydris,Chordata,Reptilia,Squamata,Homalopsidae,Enhydris,Enhydris enhydris
Geobatrachus walkeri,Geobatrachus walkeri,Chordata,Amphibia,Anura,NA,Geobatrachus,Geobatrachus walkeri
Muroidea,Muroidea,Chordata,Mammalia,Rodentia,NA,NA,NA
Boana boans,Boana boans,Chordata,Amphibia,Anura,Hylidae,Boana,Boana boans
Hemidactylus platyurus,Hemidactylus platyurus,Chordata,Reptilia,Squamata,Gekkonidae,Hemidactylus,Hemidactylus platyurus
Campylorhynchus rufinucha,Campylorhynchus rufinucha,Chordata,Aves,Passeriformes,Troglodytidae,Campylorhynchus,Campylorhynchus rufinucha
Sceloporus tristichus,Sceloporus tristichus,Chordata,Reptilia,Squamata,Iguanidae,Sceloporus,Sceloporus tristichus
Sylvirana guentheri,Sylvirana guentheri,Chordata,Amphibia,Anura,Ranidae,Sylvirana,Sylvirana guentheri
Leptopelis natalensis,Leptopelis natalensis,Chordata,Amphibia,Anura,Arthroleptidae,Leptopelis,Leptopelis natalensis
Intellagama lesueurii,Intellagama lesueurii,Chordata,Reptilia,Squamata,Agamidae,Intellagama,Intellagama lesueurii
Ptyas mucosa,Ptyas mucosa,Chordata,Reptilia,Squamata,Colubridae,Ptyas,Ptyas mucosa
Trimeresurus albolabris,Trimeresurus albolabris,Chordata,Reptilia,Squamata,Viperidae,Trimeresurus,Trimeresurus albolabris
Dendrocygna autumnalis,Dendrocygna autumnalis,Chordata,Aves,Anseriformes,Anatidae,Dendrocygna,Dendrocygna autumnalis
Colius striatus,Colius striatus,Chordata,Aves,Coliiformes,Coliidae,Colius,Colius striatus
Ichthyosaura alpestris,Ichthyosaura alpestris,Chordata,Amphibia,Caudata,Salamandridae,Ichthyosaura,Ichthyosaura alpestris
Helicops angulatus,Helicops angulatus,Chordata,Reptilia,Squamata,Colubridae,Helicops,Helicops angulatus
Gymnophiona,Gymnophiona,Chordata,Amphibia,Gymnophiona,NA,NA,NA
Phelsuma parva,Phelsuma parva,Chordata,Reptilia,Squamata,Gekkonidae,Phelsuma,Phelsuma parva
Aglyptodactylus madagascariensis,Aglyptodactylus madagascariensis,Chordata,Amphibia,Anura,Mantellidae,Aglyptodactylus,Aglyptodactylus madagascariensis
Pelobates fuscus,Pelobates fuscus,Chordata,Amphibia,Anura,Pelobatidae,Pelobates,Pelobates fuscus
Falco,Falco,Chordata,Aves,Falconiformes,Falconidae,Falco,NA
Forpus xanthopterygius,Forpus xanthopterygius,Chordata,Aves,Psittaciformes,Psittacidae,Forpus,Forpus xanthopterygius
Nerodia taxispilota,Nerodia taxispilota,Chordata,Reptilia,Squamata,Colubridae,Nerodia,Nerodia taxispilota
Tragelaphus sylvaticus sylvaticus,Tragelaphus sylvaticus sylvaticus,Chordata,Mammalia,Artiodactyla,Bovidae,Tragelaphus,Tragelaphus sylvaticus
Pseudocheirus occidentalis,Pseudocheirus occidentalis,Chordata,Mammalia,Diprotodontia,Pseudocheiridae,Pseudocheirus,Pseudocheirus occidentalis
Daptrius chimachima,Daptrius chimachima,Chordata,Aves,Falconiformes,Falconidae,Daptrius,Daptrius chimachima
Microtus pinetorum,Microtus pinetorum,Chordata,Mammalia,Rodentia,Cricetidae,Microtus,Microtus pinetorum
Ranoidea gracilenta,Ranoidea gracilenta,Chordata,Amphibia,Anura,Pelodryadidae,Ranoidea,Ranoidea gracilenta
Ctenotus taeniolatus,Ctenotus taeniolatus,Chordata,Reptilia,Squamata,Scincidae,Ctenotus,Ctenotus taeniolatus
Lycodon aulicus,Lycodon aulicus,Chordata,Reptilia,Squamata,Colubridae,Lycodon,Lycodon aulicus
Trachycephalus vermiculatus,Trachycephalus vermiculatus,Chordata,Amphibia,Anura,Hylidae,Trachycephalus,Trachycephalus vermiculatus
Cobitis,Cobitis,Chordata,Actinopterygii,Cypriniformes,Cobitidae,Cobitis,NA
Osteopilus dominicensis,Osteopilus dominicensis,Chordata,Amphibia,Anura,Hylidae,Osteopilus,Osteopilus dominicensis
Gasterosteidae,Gasterosteidae,Chordata,Actinopterygii,Gasterosteiformes,Gasterosteidae,NA,NA
Lopholaimus antarcticus,Lopholaimus antarcticus,Chordata,Aves,Columbiformes,Columbidae,Lopholaimus,Lopholaimus antarcticus
Leptodactylidae,Leptodactylidae,Chordata,Amphibia,Anura,Leptodactylidae,NA,NA
Oryctolagus cuniculus domesticus,Oryctolagus cuniculus domesticus,Chordata,Mammalia,Lagomorpha,Leporidae,Oryctolagus,Oryctolagus cuniculus
Aspidoscelis tigris,Aspidoscelis tigris,Chordata,Reptilia,Squamata,Teiidae,Aspidoscelis,Aspidoscelis tigris
Tiliqua rugosa,Tiliqua rugosa,Chordata,Reptilia,Squamata,Scincidae,Tiliqua,Tiliqua rugosa
Naja naja,Naja naja,Chordata,Reptilia,Squamata,Elapidae,Naja,Naja naja
Buergeria,Buergeria,Chordata,Amphibia,Anura,Rhacophoridae,Buergeria,NA
Loricarioidei,Loricarioidei,Chordata,Actinopterygii,Siluriformes,NA,NA,NA
Lepomis macrochirus,Lepomis macrochirus,Chordata,Actinopterygii,Perciformes,Centrarchidae,Lepomis,Lepomis macrochirus
Boana,Boana,Chordata,Amphibia,Anura,Hylidae,Boana,NA
Sceloporus poinsettii,Sceloporus poinsettii,Chordata,Reptilia,Squamata,Iguanidae,Sceloporus,Sceloporus poinsettii
Ameiurus natalis,Ameiurus natalis,Chordata,Actinopterygii,Siluriformes,Ictaluridae,Ameiurus,Ameiurus natalis
Squamata,Squamata,Chordata,Reptilia,Squamata,NA,NA,NA
Achalinus rufescens,Achalinus rufescens,Chordata,Reptilia,Squamata,Xenodermidae,Achalinus,Achalinus rufescens
Amnirana darlingi,Amnirana darlingi,Chordata,Amphibia,Anura,Ranidae,Amnirana,Amnirana darlingi
Calamaria pavimentata,Calamaria pavimentata,Chordata,Reptilia,Squamata,Colubridae,Calamaria,Calamaria pavimentata
Dolichophis caspius,Dolichophis caspius,Chordata,Reptilia,Squamata,Colubridae,Dolichophis,Dolichophis caspius
Perccottus glenii,Perccottus glenii,Chordata,Actinopterygii,Perciformes,Odontobutidae,Perccottus,Perccottus glenii
Nerodia sipedon,Nerodia sipedon,Chordata,Reptilia,Squamata,Colubridae,Nerodia,Nerodia sipedon
Phimosus infuscatus,Phimosus infuscatus,Chordata,Aves,Pelecaniformes,Threskiornithidae,Phimosus,Phimosus infuscatus
Ammospermophilus harrisii,Ammospermophilus harrisii,Chordata,Mammalia,Rodentia,Sciuridae,Ammospermophilus,Ammospermophilus harrisii
Gastrophryne carolinensis,Gastrophryne carolinensis,Chordata,Amphibia,Anura,Microhylidae,Gastrophryne,Gastrophryne carolinensis
Micrurus paraensis,Micrurus paraensis,Chordata,Reptilia,Squamata,Elapidae,Micrurus,Micrurus paraensis
Sceloporus mucronatus,Sceloporus mucronatus,Chordata,Reptilia,Squamata,Iguanidae,Sceloporus,Sceloporus mucronatus
Fejervarya limnocharis,Fejervarya limnocharis,Chordata,Amphibia,Anura,Dicroglossidae,Fejervarya,Fejervarya limnocharis
Soricidae,Soricidae,Chordata,Mammalia,Soricomorpha,Soricidae,NA,NA
Podarcis melisellensis,Podarcis melisellensis,Chordata,Reptilia,Squamata,Lacertidae,Podarcis,Podarcis melisellensis
Salamandridae,Salamandridae,Chordata,Amphibia,Caudata,Salamandridae,NA,NA
Vireo gilvus,Vireo gilvus,Chordata,Aves,Passeriformes,Vireonidae,Vireo,Vireo gilvus
Limnodynastes dorsalis,Limnodynastes dorsalis,Chordata,Amphibia,Anura,Limnodynastidae,Limnodynastes,Limnodynastes dorsalis
Discoglossus galganoi,Discoglossus galganoi,Chordata,Amphibia,Anura,Alytidae,Discoglossus,Discoglossus galganoi
Cyrtodactylus,Cyrtodactylus,Chordata,Reptilia,Squamata,Gekkonidae,Cyrtodactylus,NA
Synbranchidae,Synbranchidae,Chordata,Actinopterygii,Synbranchiformes,Synbranchidae,NA,NA
Bufo gargarizans,Bufo gargarizans,Chordata,Amphibia,Anura,Bufonidae,Bufo,Bufo gargarizans
Cicadoidea,Cicadoidea,Arthropoda,Insecta,Hemiptera,NA,NA,NA
Holbrookia maculata,Holbrookia maculata,Chordata,Reptilia,Squamata,Phrynosomatidae,Holbrookia,Holbrookia maculata
Desmognathus,Desmognathus,Chordata,Amphibia,Caudata,Plethodontidae,Desmognathus,NA
Firouzophrynus stomaticus,Firouzophrynus stomaticus,Chordata,Amphibia,Anura,Bufonidae,Firouzouphrynus,Firouzophrynus stomaticus
Coluber constrictor paludicola,Coluber constrictor paludicola,Chordata,Reptilia,Squamata,Colubridae,Coluber,Coluber constrictor
Pterocryptis anomala,Pterocryptis anomala,Chordata,Actinopterygii,Siluriformes,Siluridae,Pterocryptis,Pterocryptis anomala
Urocitellus richardsonii,Urocitellus richardsonii,Chordata,Mammalia,Rodentia,Sciuridae,Urocitellus,Urocitellus richardsonii
Rana sierrae,Rana sierrae,Chordata,Amphibia,Anura,Ranidae,Rana,Rana sierrae
Tinca tinca,Tinca tinca,Chordata,Actinopterygii,Cypriniformes,Cyprinidae,Tinca,Tinca tinca
Leptodactylus fuscus,Leptodactylus fuscus,Chordata,Amphibia,Anura,Leptodactylidae,Leptodactylus,Leptodactylus fuscus
Anguilliformes,Anguilliformes,Chordata,Actinopterygii,Anguilliformes,NA,NA,NA
Aramides albiventris,Aramides albiventris,Chordata,Aves,Gruiformes,Rallidae,Aramides,Aramides albiventris
Lampropeltis nigra,Lampropeltis nigra,Chordata,Reptilia,Squamata,Colubridae,Lampropeltis,Lampropeltis nigra
Boana pulchella,Boana pulchella,Chordata,Amphibia,Anura,Hylidae,Boana,Boana pulchella
Sceloporus graciosus,Sceloporus graciosus,Chordata,Reptilia,Squamata,Iguanidae,Sceloporus,Sceloporus graciosus
Pelobates cultripes,Pelobates cultripes,Chordata,Amphibia,Anura,Pelobatidae,Pelobates,Pelobates cultripes
Naja atra,Naja atra,Chordata,Reptilia,Squamata,Elapidae,Naja,Naja atra
Morelia spilota metcalfei,Morelia spilota metcalfei,Chordata,Reptilia,Squamata,Pythonidae,Morelia,Morelia spilota
Pseudopus apodus,Pseudopus apodus,Chordata,Reptilia,Squamata,Anguidae,Pseudopus,Pseudopus apodus
Trimerodytes aequifasciatus,Trimerodytes aequifasciatus,Chordata,Reptilia,Squamata,Colubridae,Trimerodytes,Trimerodytes aequifasciatus
Anguis,Anguis,Chordata,Reptilia,Squamata,Anguidae,Anguis,NA
Glaucomys volans,Glaucomys volans,Chordata,Mammalia,Rodentia,Sciuridae,Glaucomys,Glaucomys volans
Podarcis liolepis,Podarcis liolepis,Chordata,Reptilia,Squamata,Lacertidae,Podarcis,Podarcis liolepis
Oligodon formosanus,Oligodon formosanus,Chordata,Reptilia,Squamata,Colubridae,Oligodon,Oligodon formosanus
Anas platyrhynchos,Anas platyrhynchos,Chordata,Aves,Anseriformes,Anatidae,Anas,Anas platyrhynchos
Leposternon microcephalum,Leposternon microcephalum,Chordata,Reptilia,Squamata,Amphisbaenidae,Leposternon,Leposternon microcephalum
Atractus trilineatus,Atractus trilineatus,Chordata,Reptilia,Squamata,Colubridae,Atractus,Atractus trilineatus
Chalcides striatus,Chalcides striatus,Chordata,Reptilia,Squamata,Scincidae,Chalcides,Chalcides striatus
Trachycephalus typhonius,Trachycephalus typhonius,Chordata,Amphibia,Anura,Hylidae,Trachycephalus,Trachycephalus typhonius
Ranoidea caerulea,Ranoidea caerulea,Chordata,Amphibia,Anura,Pelodryadidae,Ranoidea,Ranoidea caerulea
Anomalopus verreauxii,Anomalopus verreauxii,Chordata,Reptilia,Squamata,Scincidae,Anomalopus,Anomalopus verreauxii
Mugilidae,Mugilidae,Chordata,Actinopterygii,Mugiliformes,Mugilidae,NA,NA
Batrachyla leptopus,Batrachyla leptopus,Chordata,Amphibia,Anura,Batrachylidae,Batrachyla,Batrachyla leptopus
Incilius mazatlanensis,Incilius mazatlanensis,Chordata,Amphibia,Anura,Bufonidae,Incilius,Incilius mazatlanensis
Stenocercus caducus,Stenocercus caducus,Chordata,Reptilia,Squamata,Tropiduridae,Stenocercus,Stenocercus caducus
Takydromus wolteri,Takydromus wolteri,Chordata,Reptilia,Squamata,Lacertidae,Takydromus,Takydromus wolteri
Oocatochus rufodorsatus,Oocatochus rufodorsatus,Chordata,Reptilia,Squamata,Colubridae,Oocatochus,Oocatochus rufodorsatus
Liolaemus zapallarensis,Liolaemus zapallarensis,Chordata,Reptilia,Squamata,Liolaemidae,Liolaemus,Liolaemus zapallarensis
Plotosus lineatus,Plotosus lineatus,Chordata,Actinopterygii,Siluriformes,Plotosidae,Plotosus,Plotosus lineatus
Triturus cristatus,Triturus cristatus,Chordata,Amphibia,Caudata,Salamandridae,Triturus,Triturus cristatus
Thecadactylus rapicauda,Thecadactylus rapicauda,Chordata,Reptilia,Squamata,Phyllodactylidae,Thecadactylus,Thecadactylus rapicauda
Phrynocephalus,Phrynocephalus,Chordata,Reptilia,Squamata,Agamidae,Phrynocephalus,NA
Amblysomus,Amblysomus,Chordata,Mammalia,Afrosoricida,Chrysochloridae,Amblysomus,NA
Leptodactylus savagei,Leptodactylus savagei,Chordata,Amphibia,Anura,Leptodactylidae,Leptodactylus,Leptodactylus savagei
Pseudis platensis,Pseudis platensis,Chordata,Amphibia,Anura,Hylidae,Pseudis,Pseudis platensis
Pelophylax lessonae,Pelophylax lessonae,Chordata,Amphibia,Anura,Ranidae,Pelophylax,Pelophylax lessonae
Eulamprus heatwolei,Eulamprus heatwolei,Chordata,Reptilia,Squamata,Scincidae,Eulamprus,Eulamprus heatwolei
Leptodactylus rhodomystax,Leptodactylus rhodomystax,Chordata,Amphibia,Anura,Leptodactylidae,Leptodactylus,Leptodactylus rhodomystax
Varanus nebulosus,Varanus nebulosus,Chordata,Reptilia,Squamata,Varanidae,Varanus,Varanus nebulosus
Turdus migratorius,Turdus migratorius,Chordata,Aves,Passeriformes,Turdidae,Turdus,Turdus migratorius
Storeria,Storeria,Chordata,Reptilia,Squamata,Colubridae,Storeria,NA
Sylvilagus bachmani,Sylvilagus bachmani,Chordata,Mammalia,Lagomorpha,Leporidae,Sylvilagus,Sylvilagus bachmani
Anolis aeneus,Anolis aeneus,Chordata,Reptilia,Squamata,Dactyloidae,Anolis,Anolis aeneus
Limnodynastes terraereginae,Limnodynastes terraereginae,Chordata,Amphibia,Anura,Limnodynastidae,Limnodynastes,Limnodynastes terraereginae
Coronella austriaca,Coronella austriaca,Chordata,Reptilia,Squamata,Colubridae,Coronella,Coronella austriaca
Parus major,Parus major,Chordata,Aves,Passeriformes,Paridae,Parus,Parus major
Plestiodon,Plestiodon,Chordata,Reptilia,Squamata,Scincidae,Plestiodon,NA
Leptopelis,Leptopelis,Chordata,Amphibia,Anura,Arthroleptidae,Leptopelis,NA
Anaxyrus woodhousii australis,Anaxyrus woodhousii australis,Chordata,Amphibia,Anura,Bufonidae,Anaxyrus,Anaxyrus woodhousii
Lampropeltis calligaster,Lampropeltis calligaster,Chordata,Reptilia,Squamata,Colubridae,Lampropeltis,Lampropeltis calligaster
Tockus,Tockus,Chordata,Aves,Bucerotiformes,Bucerotidae,Tockus,NA
Hemisus marmoratus,Hemisus marmoratus,Chordata,Amphibia,Anura,Hemisotidae,Hemisus,Hemisus marmoratus
Gracililima nyassae,Gracililima nyassae,Chordata,Reptilia,Squamata,Lamprophiidae,Gracililima,Gracililima nyassae
Afrotyphlops bibronii,Afrotyphlops bibronii,Chordata,Reptilia,Squamata,Typhlopidae,Afrotyphlops,Afrotyphlops bibronii
Leuciscidae,Leuciscidae,Chordata,Actinopterygii,Cypriniformes,Leuciscidae,NA,NA
Melozone crissalis,Melozone crissalis,Chordata,Aves,Passeriformes,Passerellidae,Melozone,Melozone crissalis
Parus minor,Parus minor,Chordata,Aves,Passeriformes,Paridae,Parus,Parus minor
Pelobates,Pelobates,Chordata,Amphibia,Anura,Pelobatidae,Pelobates,NA
Leptodeira,Leptodeira,Chordata,Reptilia,Squamata,Colubridae,Leptodeira,NA
Thamnophis proximus orarius,Thamnophis proximus orarius,Chordata,Reptilia,Squamata,Colubridae,Thamnophis,Thamnophis proximus
Crotalus viridis,Crotalus viridis,Chordata,Reptilia,Squamata,Viperidae,Crotalus,Crotalus viridis
Agkistrodon,Agkistrodon,Chordata,Reptilia,Squamata,Viperidae,Agkistrodon,NA
Liolaemus lemniscatus,Liolaemus lemniscatus,Chordata,Reptilia,Squamata,Liolaemidae,Liolaemus,Liolaemus lemniscatus
Brachyura,Brachyura,Arthropoda,Malacostraca,Decapoda,NA,NA,NA
Pleurodema,Pleurodema,Chordata,Amphibia,Anura,Leptodactylidae,Pleurodema,NA
Smilisca phaeota,Smilisca phaeota,Chordata,Amphibia,Anura,Hylidae,Smilisca,Smilisca phaeota
Molothrus,Molothrus,Chordata,Aves,Passeriformes,Icteridae,Molothrus,NA
Pseudacris triseriata,Pseudacris triseriata,Chordata,Amphibia,Anura,Hylidae,Pseudacris,Pseudacris triseriata
Lacertinae,Lacertinae,Chordata,Reptilia,Squamata,Lacertidae,NA,NA
Geococcyx californianus,Geococcyx californianus,Chordata,Aves,Cuculiformes,Cuculidae,Geococcyx,Geococcyx californianus
Sciurus,Sciurus,Chordata,Mammalia,Rodentia,Sciuridae,Sciurus,NA
Incilius marmoreus,Incilius marmoreus,Chordata,Amphibia,Anura,Bufonidae,Incilius,Incilius marmoreus
Trimorphodon paucimaculatus,Trimorphodon paucimaculatus,Chordata,Reptilia,Squamata,Colubridae,Trimorphodon,Trimorphodon paucimaculatus
Aspidoscelis tigris tigris,Aspidoscelis tigris tigris,Chordata,Reptilia,Squamata,Teiidae,Aspidoscelis,Aspidoscelis tigris
Ctenosaura,Ctenosaura,Chordata,Reptilia,Squamata,Iguanidae,Ctenosaura,NA
Lithobates chiricahuensis,Lithobates chiricahuensis,Chordata,Amphibia,Anura,Ranidae,Lithobates,Lithobates chiricahuensis
Rhinolophoidea,Rhinolophoidea,Chordata,Mammalia,Chiroptera,NA,NA,NA
Noturus flavus,Noturus flavus,Chordata,Actinopterygii,Siluriformes,Ictaluridae,Noturus,Noturus flavus
Columbina talpacoti,Columbina talpacoti,Chordata,Aves,Columbiformes,Columbidae,Columbina,Columbina talpacoti
Theraphosidae,Theraphosidae,Arthropoda,Euchelicerata,Araneae,Theraphosidae,NA,NA
Reptilia,Reptilia,Chordata,Reptilia,NA,NA,NA,NA
Salvator merianae,Salvator merianae,Chordata,Reptilia,Squamata,Teiidae,Salvator,Salvator merianae
Anaxyrus terrestris,Anaxyrus terrestris,Chordata,Amphibia,Anura,Bufonidae,Anaxyrus,Anaxyrus terrestris
Philothamnus,Philothamnus,Chordata,Reptilia,Squamata,Colubridae,Philothamnus,NA
Neorhynchocephalus volaticus,Neorhynchocephalus volaticus,Arthropoda,Insecta,Diptera,Nemestrinidae,Neorhynchocephalus,Neorhynchocephalus volaticus
Parablennius sanguinolentus,Parablennius sanguinolentus,Chordata,Actinopterygii,Perciformes,Blenniidae,Parablennius,Parablennius sanguinolentus
Esox,Esox,Chordata,Actinopterygii,Esociformes,Esocidae,Esox,NA
Uperodon mormoratus,Uperodon mormoratus,Chordata,Amphibia,Anura,Microhylidae,Uperodon,Uperodon mormoratus
Bolitoglossa lignicolor,Bolitoglossa lignicolor,Chordata,Amphibia,Caudata,Plethodontidae,Bolitoglossa,Bolitoglossa lignicolor
Lycosoidea,Lycosoidea,Arthropoda,Euchelicerata,Araneae,NA,NA,NA
Hylarana erythraea,Hylarana erythraea,Chordata,Amphibia,Anura,Ranidae,Hylarana,Hylarana erythraea
Plethodon cylindraceus,Plethodon cylindraceus,Chordata,Amphibia,Caudata,Plethodontidae,Plethodon,Plethodon cylindraceus
Acanthosaura,Acanthosaura,Chordata,Reptilia,Squamata,Agamidae,Acanthosaura,NA
Sericornis frontalis,Sericornis frontalis,Chordata,Aves,Passeriformes,Acanthizidae,Sericornis,Sericornis frontalis
Thamnophis sirtalis,Thamnophis sirtalis,Chordata,Reptilia,Squamata,Colubridae,Thamnophis,Thamnophis sirtalis
Thraupis episcopus,Thraupis episcopus,Chordata,Aves,Passeriformes,Thraupidae,Thraupis,Thraupis episcopus
Sigmodon,Sigmodon,Chordata,Mammalia,Rodentia,Cricetidae,Sigmodon,NA
Gastrophryne olivacea,Gastrophryne olivacea,Chordata,Amphibia,Anura,Microhylidae,Gastrophryne,Gastrophryne olivacea
Tupinambis cuzcoensis,Tupinambis cuzcoensis,Chordata,Reptilia,Squamata,Teiidae,Tupinambis,Tupinambis cuzcoensis
Cottus gobio,Cottus gobio,Chordata,Actinopterygii,Scorpaeniformes,Cottidae,Cottus,Cottus gobio
Ophichthidae,Ophichthidae,Chordata,Actinopterygii,Anguilliformes,Ophichthidae,NA,NA
Laudakia vulgaris,Laudakia vulgaris,Chordata,Reptilia,Squamata,Agamidae,Ladukia,Ladukia vulgaris
Amia ocellicauda,Amia ocellicauda,Chordata,Actinopterygii,Amiiformes,Amiidae,Amia,Amia ocellicauda
Acrididea,Acrididea,Arthropoda,Insecta,Orthoptera,NA,NA,NA
Ameiurus melas,Ameiurus melas,Chordata,Actinopterygii,Siluriformes,Ictaluridae,Ameiurus,Ameiurus melas
Pseudacris regilla,Pseudacris regilla,Chordata,Amphibia,Anura,Hylidae,Pseudacris,Pseudacris regilla
Austrelaps superbus,Austrelaps superbus,Chordata,Reptilia,Squamata,Elapidae,Austrelaps,Austrelaps superbus
Psammophilus,Psammophilus,Chordata,Reptilia,Squamata,Agamidae,Psammophilus,NA
Pholidobolus vertebralis,Pholidobolus vertebralis,Chordata,Reptilia,Squamata,Gymnophthalmidae,Pholidobolus,Pholidobolus vertebralis
Breviceps montanus,Breviceps montanus,Chordata,Amphibia,Anura,Brevicipitidae,Breviceps,Breviceps montanus
Bothrops diporus,Bothrops diporus,Chordata,Reptilia,Squamata,Viperidae,Bothrops,Bothrops diporus
Bradypodion pumilum,Bradypodion pumilum,Chordata,Reptilia,Squamata,Chamaeleonidae,Bradypodion,Bradypodion pumilum
Lycodon capucinus,Lycodon capucinus,Chordata,Reptilia,Squamata,Colubridae,Lycodon,Lycodon capucinus
Schismaderma carens,Schismaderma carens,Chordata,Amphibia,Anura,Bufonidae,Schismaderma,Schismaderma carens
Varanus,Varanus,Chordata,Reptilia,Squamata,Varanidae,Varanus,NA
Setophaga coronata,Setophaga coronata,Chordata,Aves,Passeriformes,Parulidae,Setophaga,Setophaga coronata
Breviceps mossambicus,Breviceps mossambicus,Chordata,Amphibia,Anura,Brevicipitidae,Breviceps,Breviceps mossambicus
Uperodon systoma,Uperodon systoma,Chordata,Amphibia,Anura,Microhylidae,Uperodon,Uperodon systoma
Notechis scutatus,Notechis scutatus,Chordata,Reptilia,Squamata,Elapidae,Notechis,Notechis scutatus
Gastrotheca riobambae,Gastrotheca riobambae,Chordata,Amphibia,Anura,Hemiphractidae,Gastrotheca,Gastrotheca riobambae
Rhinocheilus lecontei,Rhinocheilus lecontei,Chordata,Reptilia,Squamata,Colubridae,Rhinocheilus,Rhinocheilus lecontei
Protobothrops mucrosquamatus,Protobothrops mucrosquamatus,Chordata,Reptilia,Squamata,Viperidae,Protobothrops,Protobothrops mucrosquamatus
Centropus phasianinus,Centropus phasianinus,Chordata,Aves,Cuculiformes,Cuculidae,Centropus,Centropus phasianinus
Kinyongia tavetana,Kinyongia tavetana,Chordata,Reptilia,Squamata,Chamaeleonidae,Kinyongia,Kinyongia tavetana
Phrynosoma cornutum,Phrynosoma cornutum,Chordata,Reptilia,Squamata,Phrynosomatidae,Phrynosoma,Phrynosoma cornutum
Rana japonica,Rana japonica,Chordata,Amphibia,Anura,Ranidae,Rana,Rana japonica
Scincella lateralis,Scincella lateralis,Chordata,Reptilia,Squamata,Scincidae,Scincella,Scincella lateralis
Cottoidei,Cottoidei,Chordata,Actinopterygii,Scorpaeniformes,NA,NA,NA
Pseudaspis cana,Pseudaspis cana,Chordata,Reptilia,Squamata,Lamprophiidae,Pseudaspis,Pseudaspis cana
Heliobolus lugubris,Heliobolus lugubris,Chordata,Reptilia,Squamata,Lacertidae,Heliobolus,Heliobolus lugubris
Kinyongia oxyrhina,Kinyongia oxyrhina,Chordata,Reptilia,Squamata,Chamaeleonidae,Kinyongia,Kinyongia oxyrhina
Lacerta viridis,Lacerta viridis,Chordata,Reptilia,Squamata,Lacertidae,Lacerta,Lacerta viridis
Ceratopipra mentalis,Ceratopipra mentalis,Chordata,Aves,Passeriformes,Pipridae,Ceratopipra,Ceratopipra mentalis
Sylvirana spinulosa,Sylvirana spinulosa,Chordata,Amphibia,Anura,Ranidae,Sylvirana,Sylvirana spinulosa
Odorrana swinhoana,Odorrana swinhoana,Chordata,Amphibia,Anura,Ranidae,Odorrana,Odorrana swinhoana
Tropidurus,Tropidurus,Chordata,Reptilia,Squamata,Tropiduridae,Tropidurus,NA
Saltuarius swaini,Saltuarius swaini,Chordata,Reptilia,Squamata,Carphodactylidae,Saltuarius,Saltuarius swaini
Aspidoscelis lineattissimus,Aspidoscelis lineattissimus,Chordata,Reptilia,Squamata,Teiidae,Aspidoscelis,Aspidoscelis lineattissimus
Acanthodactylus erythrurus,Acanthodactylus erythrurus,Chordata,Reptilia,Squamata,Lacertidae,Acanthodactylus,Acanthodactylus erythrurus
Manorina melanocephala,Manorina melanocephala,Chordata,Aves,Passeriformes,Meliphagidae,Manorina,Manorina melanocephala
Dasyprocta leporina,Dasyprocta leporina,Chordata,Mammalia,Rodentia,Dasyproctidae,Dasyprocta,Dasyprocta leporina
Scinax x-signatus,Scinax x-signatus,Chordata,Amphibia,Anura,Hylidae,Scinax,Scinax x-signatus
Cryptophis nigrescens,Cryptophis nigrescens,Chordata,Reptilia,Squamata,Elapidae,Cryptophis,Cryptophis nigrescens
Stigmatogobius sadanundio,Stigmatogobius sadanundio,Chordata,Actinopterygii,Perciformes,Gobiidae,Stigmatogobius,Stigmatogobius sadanundio
Sporophila ardesiaca,Sporophila ardesiaca,Chordata,Aves,Passeriformes,Thraupidae,Sporophila,Sporophila ardesiaca
Pedioplanis namaquensis,Pedioplanis namaquensis,Chordata,Reptilia,Squamata,Lacertidae,Pedioplanis,Pedioplanis namaquensis
Lithobates septentrionalis,Lithobates septentrionalis,Chordata,Amphibia,Anura,Ranidae,Lithobates,Lithobates septentrionalis
Morelia spilota,Morelia spilota,Chordata,Reptilia,Squamata,Pythonidae,Morelia,Morelia spilota
Lissotriton vulgaris,Lissotriton vulgaris,Chordata,Amphibia,Caudata,Salamandridae,Lissotriton,Lissotriton vulgaris
Barnardius zonarius,Barnardius zonarius,Chordata,Aves,Psittaciformes,Psittacidae,Barnardius,Barnardius zonarius
Monopterus albus,Monopterus albus,Chordata,Actinopterygii,Synbranchiformes,Synbranchidae,Monopterus,Monopterus albus
Anguilla australis,Anguilla australis,Chordata,Actinopterygii,Anguilliformes,Anguillidae,Anguilla,Anguilla australis
Hyla gratiosa,Hyla gratiosa,Chordata,Amphibia,Anura,Hylidae,Hyla,Hyla gratiosa
Calamaria lumbricoidea,Calamaria lumbricoidea,Chordata,Reptilia,Squamata,Colubridae,Calamaria,Calamaria lumbricoidea
Rana dalmatina,Rana dalmatina,Chordata,Amphibia,Anura,Ranidae,Rana,Rana dalmatina
Peramelidae,Peramelidae,Chordata,Mammalia,Peramelemorphia,Peramelidae,NA,NA
Geomyidae,Geomyidae,Chordata,Mammalia,Rodentia,Geomyidae,NA,NA
Kentropyx calcarata,Kentropyx calcarata,Chordata,Reptilia,Squamata,Teiidae,Kentropyx,Kentropyx calcarata
Cemophora coccinea,Cemophora coccinea,Chordata,Reptilia,Squamata,Colubridae,Cemophora,Cemophora coccinea
Saara hardwickii,Saara hardwickii,Chordata,Reptilia,Squamata,Agamidae,Saara,Saara hardwickii
Cerberus schneiderii,Cerberus schneiderii,Chordata,Reptilia,Squamata,Homalopsidae,Cerberus,Cerberus schneiderii
Gonatodes vittatus,Gonatodes vittatus,Chordata,Reptilia,Squamata,Sphaerodactylidae,Gonatodes,Gonatodes vittatus
Artibeus jamaicensis,Artibeus jamaicensis,Chordata,Mammalia,Chiroptera,Phyllostomidae,Artibeus,Artibeus jamaicensis
Actitis macularius,Actitis macularius,Chordata,Aves,Charadriiformes,Scolopacidae,Actitis,Actitis macularius
Ranoidea alboguttata,Ranoidea alboguttata,Chordata,Amphibia,Anura,Pelodryadidae,Ranoidea,Ranoidea alboguttata
Proechimys,Proechimys,Chordata,Mammalia,Rodentia,Echimyidae,Proechimys,NA
Amphisbaena alba,Amphisbaena alba,Chordata,Reptilia,Squamata,Amphisbaenidae,Amphisbaena,Amphisbaena alba
Coccyzus americanus,Coccyzus americanus,Chordata,Aves,Cuculiformes,Cuculidae,Coccyzus,Coccyzus americanus
Nerodia erythrogaster,Nerodia erythrogaster,Chordata,Reptilia,Squamata,Colubridae,Nerodia,Nerodia erythrogaster
Axis axis,Axis axis,Chordata,Mammalia,Artiodactyla,Cervidae,Axis,Axis axis
Aneides niger,Aneides niger,Chordata,Amphibia,Caudata,Plethodontidae,Aneides,Aneides niger
Sceloporus clarkii,Sceloporus clarkii,Chordata,Reptilia,Squamata,Iguanidae,Sceloporus,Sceloporus clarkii
Amolops hongkongensis,Amolops hongkongensis,Chordata,Amphibia,Anura,Ranidae,Amolops,Amolops hongkongensis
Trochilidae,Trochilidae,Chordata,Aves,Apodiformes,Trochilidae,NA,NA
Boana lanciformis,Boana lanciformis,Chordata,Amphibia,Anura,Hylidae,Boana,Boana lanciformis
Drymarchon melanurus erebennus,Drymarchon melanurus erebennus,Chordata,Reptilia,Squamata,Colubridae,Drymarchon,Drymarchon melanurus
Plethodon serratus,Plethodon serratus,Chordata,Amphibia,Caudata,Plethodontidae,Plethodon,Plethodon serratus
Icterus galbula,Icterus galbula,Chordata,Aves,Passeriformes,Icteridae,Icterus,Icterus galbula
Amphiuma,Amphiuma,Chordata,Amphibia,Caudata,Amphiumidae,Amphiuma,NA
Phylloscopus trochilus,Phylloscopus trochilus,Chordata,Aves,Passeriformes,Phylloscopidae,Phylloscopus,Phylloscopus trochilus
Sceloporus lundelli,Sceloporus lundelli,Chordata,Reptilia,Squamata,Iguanidae,Sceloporus,Sceloporus lundelli
Anolis cristatellus,Anolis cristatellus,Chordata,Reptilia,Squamata,Dactyloidae,Anolis,Anolis cristatellus
Pholidoscelis griswoldi,Pholidoscelis griswoldi,Chordata,Reptilia,Squamata,Teiidae,Pholidoscelis,Pholidoscelis griswoldi
Fundulus diaphanus,Fundulus diaphanus,Chordata,Actinopterygii,Cyprinodontiformes,Fundulidae,Fundulus,Fundulus diaphanus
Aspidoscelis sonorae,Aspidoscelis sonorae,Chordata,Reptilia,Squamata,Teiidae,Aspidoscelis,Aspidoscelis sonorae
Anatidae,Anatidae,Chordata,Aves,Anseriformes,Anatidae,NA,NA
Hyla japonica,Hyla japonica,Chordata,Amphibia,Anura,Hylidae,Hyla,Hyla japonica
Trachylepis maculilabris,Trachylepis maculilabris,Chordata,Reptilia,Squamata,Scincidae,Trachylepis,Trachylepis maculilabris
Callisaurus draconoides,Callisaurus draconoides,Chordata,Reptilia,Squamata,Phrynosomatidae,Callisaurus,Callisaurus draconoides
Pantherophis obsoletus,Pantherophis obsoletus,Chordata,Reptilia,Squamata,Colubridae,Pantherophis,Pantherophis obsoletus
Plestiodon elegans,Plestiodon elegans,Chordata,Reptilia,Squamata,Scincidae,Plestiodon,Plestiodon elegans
Salvadora hexalepis virgultea,Salvadora hexalepis virgultea,Chordata,Reptilia,Squamata,Colubridae,Salvadora,Salvadora hexalepis
Platycercus elegans,Platycercus elegans,Chordata,Aves,Psittaciformes,Psittacidae,Platycercus,Platycercus elegans
Varanus bengalensis,Varanus bengalensis,Chordata,Reptilia,Squamata,Varanidae,Varanus,Varanus bengalensis
Trapelus sanguinolentus,Trapelus sanguinolentus,Chordata,Reptilia,Squamata,Agamidae,Trapelus,Trapelus sanguinolentus
Salvadora hexalepis,Salvadora hexalepis,Chordata,Reptilia,Squamata,Colubridae,Salvadora,Salvadora hexalepis
Tantilla nigriceps,Tantilla nigriceps,Chordata,Reptilia,Squamata,Colubridae,Tantilla,Tantilla nigriceps
Microlophus,Microlophus,Chordata,Reptilia,Squamata,Tropiduridae,Microlophus,NA
Holcosus,Holcosus,Chordata,Reptilia,Squamata,Teiidae,Holcosus,NA
Chamaeleonidae,Chamaeleonidae,Chordata,Reptilia,Squamata,Chamaeleonidae,NA,NA
Leptodactylus macrosternum,Leptodactylus macrosternum,Chordata,Amphibia,Anura,Leptodactylidae,Leptodactylus,Leptodactylus macrosternum
Rhinella alata,Rhinella alata,Chordata,Amphibia,Anura,Bufonidae,Rhinella,Rhinella alata
Manorina melanophrys,Manorina melanophrys,Chordata,Aves,Passeriformes,Meliphagidae,Manorina,Manorina melanophrys
Pantherophis alleghaniensis,Pantherophis alleghaniensis,Chordata,Reptilia,Squamata,Colubridae,Pantherophis,Pantherophis alleghaniensis
Gymnophthalmidae,Gymnophthalmidae,Chordata,Reptilia,Squamata,Gymnophthalmidae,NA,NA
Murinae,Murinae,Chordata,Mammalia,Rodentia,Muridae,NA,NA
Parazacco spilurus,Parazacco spilurus,Chordata,Actinopterygii,Cypriniformes,Cyprinidae,Parazacco,Parazacco spilurus
Aspidoscelis guttatus,Aspidoscelis guttatus,Chordata,Reptilia,Squamata,Teiidae,Aspidoscelis,Aspidoscelis guttatus
Antaresia maculosa,Antaresia maculosa,Chordata,Reptilia,Squamata,Pythonidae,Antaresia,Antaresia maculosa
Polypedates cruciger,Polypedates cruciger,Chordata,Amphibia,Anura,Rhacophoridae,Polypedates,Polypedates cruciger
Calocitta formosa,Calocitta formosa,Chordata,Aves,Passeriformes,Corvidae,Calocitta,Calocitta formosa
Ahaetulla borealis,Ahaetulla borealis,Chordata,Reptilia,Squamata,Colubridae,Ahaetulla,Ahaetulla borealis
Cichlidae,Cichlidae,Chordata,Actinopterygii,Perciformes,Cichlidae,NA,NA
Beloniformes,Beloniformes,Chordata,Actinopterygii,Beloniformes,NA,NA,NA
Draco sumatranus,Draco sumatranus,Chordata,Reptilia,Squamata,Agamidae,Draco,Draco sumatranus
Egretta thula,Egretta thula,Chordata,Aves,Pelecaniformes,Ardeidae,Egretta,Egretta thula
Florisuga mellivora,Florisuga mellivora,Chordata,Aves,Apodiformes,Trochilidae,Florisuga,Florisuga mellivora
Madoqua cavendishi,Madoqua cavendishi,Chordata,Mammalia,Artiodactyla,Bovidae,Madoqua,Madoqua cavendishi
Crotaphytus bicinctores,Crotaphytus bicinctores,Chordata,Reptilia,Squamata,Crotaphytidae,Crotaphytus,Crotaphytus bicinctores
Coelognathus,Coelognathus,Chordata,Reptilia,Squamata,Colubridae,Coelognathus,NA
Amblyrhynchus cristatus,Amblyrhynchus cristatus,Chordata,Reptilia,Squamata,Iguanidae,Amblyrhynchus,Amblyrhynchus cristatus
Diploglossidae,Diploglossidae,Chordata,Reptilia,Squamata,Diploglossidae,NA,NA
Aratinga weddellii,Aratinga weddellii,Chordata,Aves,Psittaciformes,Psittacidae,Aratinga,Aratinga weddellii
Thamnophis ordinoides,Thamnophis ordinoides,Chordata,Reptilia,Squamata,Colubridae,Thamnophis,Thamnophis ordinoides
Acanthodactylus erythrurus erythrurus,Acanthodactylus erythrurus erythrurus,Chordata,Reptilia,Squamata,Lacertidae,Acanthodactylus,Acanthodactylus erythrurus
Nerodia sipedon sipedon,Nerodia sipedon sipedon,Chordata,Reptilia,Squamata,Colubridae,Nerodia,Nerodia sipedon
Eryx colubrinus loveridgei,Eryx colubrinus loveridgei,Chordata,Reptilia,Squamata,Erycidae,Eryx,Eryx colubrinus
Vireo flavoviridis,Vireo flavoviridis,Chordata,Aves,Passeriformes,Vireonidae,Vireo,Vireo flavoviridis
Plethodontinae,Plethodontinae,Chordata,Amphibia,Caudata,Plethodontidae,NA,NA
Troglodytes aedon,Troglodytes aedon,Chordata,Aves,Passeriformes,Troglodytidae,Troglodytes,Troglodytes aedon
Rattus norvegicus,Rattus norvegicus,Chordata,Mammalia,Rodentia,Muridae,Rattus,Rattus norvegicus
Liolaemus tenuis,Liolaemus tenuis,Chordata,Reptilia,Squamata,Liolaemidae,Liolaemus,Liolaemus tenuis
Placentalia,Placentalia,Chordata,Mammalia,NA,NA,NA,NA
Gliridae,Gliridae,Chordata,Mammalia,Rodentia,Gliridae,NA,NA
Coniophanes imperialis,Coniophanes imperialis,Chordata,Reptilia,Squamata,Colubridae,Coniophanes,Coniophanes imperialis
Nocomis micropogon,Nocomis micropogon,Chordata,Actinopterygii,Cypriniformes,Leuciscidae,Nocomis,Nocomis micropogon
Setifer setosus,Setifer setosus,Chordata,Mammalia,Afrosoricida,Tenrecidae,Setifer,Setifer setosus
Cerdocyon thous,Cerdocyon thous,Chordata,Mammalia,Carnivora,Canidae,Cerdocyon,Cerdocyon thous
Nerodia fasciata,Nerodia fasciata,Chordata,Reptilia,Squamata,Colubridae,Nerodia,Nerodia fasciata
Phoxinus,Phoxinus,Chordata,Actinopterygii,Cypriniformes,Leuciscidae,Phoxinus,NA
Sylvilagus cunicularius,Sylvilagus cunicularius,Chordata,Mammalia,Lagomorpha,Leporidae,Sylvilagus,Sylvilagus cunicularius
Pteroglossus,Pteroglossus,Chordata,Aves,Piciformes,Ramphastidae,Pteroglossus,NA
Chondrodactylus,Chondrodactylus,Chordata,Reptilia,Squamata,Gekkonidae,Chondrodactylus,NA
Xerospermophilus tereticaudus,Xerospermophilus tereticaudus,Chordata,Mammalia,Rodentia,Sciuridae,Xerospermophilus,Xerospermophilus tereticaudus
Rana pirica,Rana pirica,Chordata,Amphibia,Anura,Ranidae,Rana,Rana pirica
Salvadora lineata,Salvadora lineata,Chordata,Reptilia,Squamata,Colubridae,Salvadora,Salvadora lineata
Gambelia wislizenii,Gambelia wislizenii,Chordata,Reptilia,Squamata,Crotaphytidae,Gambelia,Gambelia wislizenii
Crotalus,Crotalus,Chordata,Reptilia,Squamata,Viperidae,Crotalus,NA
Aspidoscelis hyperythrus beldingi,Aspidoscelis hyperythrus beldingi,Chordata,Reptilia,Squamata,Teiidae,Aspidoscelis,Aspidoscelis hyperythrus
Riama striata,Riama striata,Chordata,Reptilia,Squamata,Gymnophthalmidae,Riama,Riama striata
Sceloporus aeneus,Sceloporus aeneus,Chordata,Reptilia,Squamata,Iguanidae,Sceloporus,Sceloporus aeneus
Anolis wellbornae,Anolis wellbornae,Chordata,Reptilia,Squamata,Dactyloidae,Anolis,Anolis wellbornae
Yungipicus moluccensis,Yungipicus moluccensis,Chordata,Aves,Piciformes,Picidae,Yungipicus,Yungipicus moluccensis
Pantherophis guttatus,Pantherophis guttatus,Chordata,Reptilia,Squamata,Colubridae,Pantherophis,Pantherophis guttatus
Anguis colchica,Anguis colchica,Chordata,Reptilia,Squamata,Anguidae,Anguis,Anguis colchica
Oncorhynchus,Oncorhynchus,Chordata,Actinopterygii,Salmoniformes,Salmonidae,Oncorhynchus,NA
Cobitidae,Cobitidae,Chordata,Actinopterygii,Cypriniformes,Cobitidae,NA,NA
Sclerophrys garmani,Sclerophrys garmani,Chordata,Amphibia,Anura,Bufonidae,Sclerophrys,Sclerophrys garmani
Holbrookia elegans,Holbrookia elegans,Chordata,Reptilia,Squamata,Phrynosomatidae,Holbrookia,Holbrookia elegans
Felis catus,Felis catus,Chordata,Mammalia,Carnivora,Felidae,Felis,Felis catus
Aphonopelma seemanni,Aphonopelma seemanni,Arthropoda,Euchelicerata,Araneae,Theraphosidae,Aphonopelma,Aphonopelma seemanni
Holcosus undulatus,Holcosus undulatus,Chordata,Reptilia,Squamata,Teiidae,Holcosus,Holcosus undulatus
Microlophus occipitalis,Microlophus occipitalis,Chordata,Reptilia,Squamata,Tropiduridae,Microlophus,Microlophus occipitalis
Barbinae,Barbinae,Chordata,Actinopterygii,Cypriniformes,Cyprinidae,NA,NA
Alopochen aegyptiaca,Alopochen aegyptiaca,Chordata,Aves,Anseriformes,Anatidae,Alopochen,Alopochen aegyptiaca
Pseudacris cadaverina,Pseudacris cadaverina,Chordata,Amphibia,Anura,Hylidae,Pseudacris,Pseudacris cadaverina
Boana rosenbergi,Boana rosenbergi,Chordata,Amphibia,Anura,Hylidae,Boana,Boana rosenbergi
Cnemidophorus,Cnemidophorus,Chordata,Reptilia,Squamata,Teiidae,Cnemidophorus,NA
Takydromus septentrionalis,Takydromus septentrionalis,Chordata,Reptilia,Squamata,Lacertidae,Takydromus,Takydromus septentrionalis
Melanerpes formicivorus,Melanerpes formicivorus,Chordata,Aves,Piciformes,Picidae,Melanerpes,Melanerpes formicivorus
Kalophrynus,Kalophrynus,Chordata,Amphibia,Anura,Microhylidae,Kalophrynus,NA
Anaxyrus americanus americanus,Anaxyrus americanus americanus,Chordata,Amphibia,Anura,Bufonidae,Anaxyrus,Anaxyrus americanus
Sciurus niger,Sciurus niger,Chordata,Mammalia,Rodentia,Sciuridae,Sciurus,Sciurus niger
Physalaemus biligonigerus,Physalaemus biligonigerus,Chordata,Amphibia,Anura,Leptodactylidae,Physalaemus,Physalaemus biligonigerus
Pelobates balcanicus,Pelobates balcanicus,Chordata,Amphibia,Anura,Pelobatidae,Pelobates,Pelobates balcanicus
Caluromys derbianus,Caluromys derbianus,Chordata,Mammalia,Didelphimorphia,Didelphidae,Caluromys,Caluromys derbianus
Pteropus conspicillatus,Pteropus conspicillatus,Chordata,Mammalia,Chiroptera,Pteropodidae,Pteropus,Pteropus conspicillatus
Leptodactylus labyrinthicus,Leptodactylus labyrinthicus,Chordata,Amphibia,Anura,Leptodactylidae,Leptodactylus,Leptodactylus labyrinthicus
Colinus,Colinus,Chordata,Aves,Galliformes,Odontophoridae,Colinus,NA
Opsanus tau,Opsanus tau,Chordata,Actinopterygii,Batrachoidiformes,Batrachoididae,Opsanus,Opsanus tau
Crotalus horridus,Crotalus horridus,Chordata,Reptilia,Squamata,Viperidae,Crotalus,Crotalus horridus
Ameiurus brunneus,Ameiurus brunneus,Chordata,Actinopterygii,Siluriformes,Ictaluridae,Ameiurus,Ameiurus brunneus
Talpa europaea,Talpa europaea,Chordata,Mammalia,Soricomorpha,Talpidae,Talpa,Talpa europaea
Timon lepidus,Timon lepidus,Chordata,Reptilia,Squamata,Lacertidae,Timon,Timon lepidus
Hierophis gemonensis,Hierophis gemonensis,Chordata,Reptilia,Squamata,Colubridae,Hierophis,Hierophis gemonensis
Ameiva ameiva,Ameiva ameiva,Chordata,Reptilia,Squamata,Teiidae,Ameiva,Ameiva ameiva
Elgaria coerulea coerulea,Elgaria coerulea coerulea,Chordata,Reptilia,Squamata,Anguidae,Elgaria,Elgaria coerulea
Pituophis catenifer sayi,Pituophis catenifer sayi,Chordata,Reptilia,Squamata,Colubridae,Pituophis,Pituophis catenifer
Scolopendra mutilans,Scolopendra mutilans,Arthropoda,Chilopoda,Scolopendromorpha,Scolopendridae,Scolopendra Linnaeus 1758,Scolopendra mutilans
Plestiodon obsoletus,Plestiodon obsoletus,Chordata,Reptilia,Squamata,Scincidae,Plestiodon,Plestiodon obsoletus
Lamprolepis smaragdina,Lamprolepis smaragdina,Chordata,Reptilia,Squamata,Scincidae,Lamprolepis,Lamprolepis smaragdina
Oligodon octolineatus,Oligodon octolineatus,Chordata,Reptilia,Squamata,Colubridae,Oligodon,Oligodon octolineatus
Phrynosoma,Phrynosoma,Chordata,Reptilia,Squamata,Phrynosomatidae,Phrynosoma,NA
Passer montanus,Passer montanus,Chordata,Aves,Passeriformes,Passeridae,Passer,Passer montanus
Heterodon,Heterodon,Chordata,Reptilia,Squamata,Colubridae,Heterodon,NA
Ponticola,Ponticola,Chordata,Actinopterygii,Gobiiformes,Gobiidae,Ponticola,NA
Lampropeltis triangulum,Lampropeltis triangulum,Chordata,Reptilia,Squamata,Colubridae,Lampropeltis,Lampropeltis triangulum
Plethodontidae,Plethodontidae,Chordata,Amphibia,Caudata,Plethodontidae,NA,NA
Natrix maura,Natrix maura,Chordata,Reptilia,Squamata,Colubridae,Natrix,Natrix maura
Oligodon fasciolatus,Oligodon fasciolatus,Chordata,Reptilia,Squamata,Colubridae,Oligodon,Oligodon fasciolatus
Amphiesma monticola,Amphiesma monticola,Chordata,Reptilia,Squamata,Colubridae,Amphiesma,Amphiesma monticola
Microtus,Microtus,Chordata,Mammalia,Rodentia,Cricetidae,Microtus,NA
Myrrophis chinensis,Myrrophis chinensis,Chordata,Reptilia,Squamata,Homalopsidae,Myrrophis,Myrrophis chinensis
Limnonectes fujianensis,Limnonectes fujianensis,Chordata,Amphibia,Anura,Dicroglossidae,Limnonectes,Limnonectes fujianensis
Masticophis schotti,Masticophis schotti,Chordata,Reptilia,Squamata,Colubridae,Masticophis,Masticophis schotti
Eremias,Eremias,Chordata,Reptilia,Squamata,Lacertidae,Eremias,NA
Leptodactylus latrans,Leptodactylus latrans,Chordata,Amphibia,Anura,Leptodactylidae,Leptodactylus,Leptodactylus latrans
Ambloplites,Ambloplites,Chordata,Actinopterygii,Perciformes,Centrarchidae,Ambloplites,NA
Philothamnus semivariegatus,Philothamnus semivariegatus,Chordata,Reptilia,Squamata,Colubridae,Philothamnus,Philothamnus semivariegatus
Gymnocephalus,Gymnocephalus,Chordata,Actinopterygii,Perciformes,Percidae,Gymnocephalus,NA
Pulchrana baramica,Pulchrana baramica,Chordata,Amphibia,Anura,Ranidae,Pulchrana,Pulchrana baramica
Tiliqua nigrolutea,Tiliqua nigrolutea,Chordata,Reptilia,Squamata,Scincidae,Tiliqua,Tiliqua nigrolutea
Placosoma glabellum,Placosoma glabellum,Chordata,Reptilia,Squamata,Gymnophthalmidae,Placosoma,Placosoma glabellum
Heteromyidae,Heteromyidae,Chordata,Mammalia,Rodentia,Heteromyidae,NA,NA
Gasterosteus aculeatus,Gasterosteus aculeatus,Chordata,Actinopterygii,Gasterosteiformes,Gasterosteidae,Gasterosteus,Gasterosteus aculeatus
Loricariidae,Loricariidae,Chordata,Actinopterygii,Siluriformes,Loricariidae,NA,NA
Heosemys spinosa,Heosemys spinosa,Chordata,Reptilia,Testudines,Geoemydidae,Heosemys,Heosemys spinosa
Ictalurus punctatus,Ictalurus punctatus,Chordata,Actinopterygii,Siluriformes,Ictaluridae,Ictalurus,Ictalurus punctatus
Pseudotriton ruber,Pseudotriton ruber,Chordata,Amphibia,Caudata,Plethodontidae,Pseudotriton,Pseudotriton ruber
Dermatonotus muelleri,Dermatonotus muelleri,Chordata,Amphibia,Anura,Microhylidae,Dermatonotus,Dermatonotus muelleri
Haplotaxida,Haplotaxida,Annelida,Clitellata,Haplotaxida,NA,NA,NA
Anolis nebulosus,Anolis nebulosus,Chordata,Reptilia,Squamata,Dactyloidae,Anolis,Anolis nebulosus
Crotalus basiliscus,Crotalus basiliscus,Chordata,Reptilia,Squamata,Viperidae,Crotalus,Crotalus basiliscus
Otospermophilus variegatus,Otospermophilus variegatus,Chordata,Mammalia,Rodentia,Sciuridae,Otospermophilus,Otospermophilus variegatus
Umbra limi,Umbra limi,Chordata,Actinopterygii,Esociformes,Umbridae,Umbra,Umbra limi
Corvus brachyrhynchos,Corvus brachyrhynchos,Chordata,Aves,Passeriformes,Corvidae,Corvus,Corvus brachyrhynchos
Hypsiglena jani,Hypsiglena jani,Chordata,Reptilia,Squamata,Colubridae,Hypsiglena,Hypsiglena jani
Aepyceros melampus melampus,Aepyceros melampus melampus,Chordata,Mammalia,Artiodactyla,Bovidae,Aepyceros,Aepyceros melampus
Macropodidae,Macropodidae,Chordata,Mammalia,Diprotodontia,Macropodidae,NA,NA
Passeridae,Passeridae,Chordata,Aves,Passeriformes,Passeridae,NA,NA
Lepus californicus,Lepus californicus,Chordata,Mammalia,Lagomorpha,Leporidae,Lepus,Lepus californicus
Thraupis palmarum,Thraupis palmarum,Chordata,Aves,Passeriformes,Thraupidae,Thraupis,Thraupis palmarum
Erythrolamprus epinephalus lamonae,Erythrolamprus epinephalus lamonae,Chordata,Reptilia,Squamata,Colubridae,Erythrolamprus,Erythrolamprus epinephalus
Tachornis phoenicobia,Tachornis phoenicobia,Chordata,Aves,Apodiformes,Apodidae,Tachornis,Tachornis phoenicobia
Lithobates forreri,Lithobates forreri,Chordata,Amphibia,Anura,Ranidae,Lithobates,Lithobates forreri
Coluber constrictor anthicus,Coluber constrictor anthicus,Chordata,Reptilia,Squamata,Colubridae,Coluber,Coluber constrictor
Ophisaurus attenuatus attenuatus,Ophisaurus attenuatus attenuatus,Chordata,Reptilia,Squamata,Anguidae,Ophisaurus,Ophisaurus attenuatus
Falco sparverius,Falco sparverius,Chordata,Aves,Falconiformes,Falconidae,Falco,Falco sparverius
Ninia sebae,Ninia sebae,Chordata,Reptilia,Squamata,Colubridae,Ninia,Ninia sebae
Ruminantia,Ruminantia,Chordata,Mammalia,Artiodactyla,NA,NA,NA
Apostolepis pymi,Apostolepis pymi,Chordata,Reptilia,Squamata,Colubridae,Apostolepis,Apostolepis pymi
Ninia,Ninia,Chordata,Reptilia,Squamata,Colubridae,Ninia,NA
Raorchestes,Raorchestes,Chordata,Amphibia,Anura,Rhacophoridae,Raorchestes,NA
Spinus pinus,Spinus pinus,Chordata,Aves,Passeriformes,Fringillidae,Spinus,Spinus pinus
Uperodon variegatus,Uperodon variegatus,Chordata,Amphibia,Anura,Microhylidae,Uperodon,Uperodon variegatus
Eudorcas thomsonii,Eudorcas thomsonii,Chordata,Mammalia,Artiodactyla,Bovidae,Eudorcas,Eudorcas thomsonii
Myomorpha,Myomorpha,Chordata,Mammalia,Rodentia,NA,NA,NA
Melospiza melodia,Melospiza melodia,Chordata,Aves,Passeriformes,Passerellidae,Melospiza,Melospiza melodia
Capra,Capra,Chordata,Mammalia,Artiodactyla,Bovidae,Capra,NA
Copsychus malabaricus macrourus,Copsychus malabaricus macrourus,Chordata,Aves,Passeriformes,Muscicapidae,Copsychus,Copsychus malabaricus
Lacerta trilineata,Lacerta trilineata,Chordata,Reptilia,Squamata,Lacertidae,Lacerta,Lacerta trilineata
Bungarus caeruleus,Bungarus caeruleus,Chordata,Reptilia,Squamata,Elapidae,Bungarus,Bungarus caeruleus
Anniella pulchra,Anniella pulchra,Chordata,Reptilia,Squamata,Anguidae,Anniella,Anniella pulchra
Plestiodon septentrionalis,Plestiodon septentrionalis,Chordata,Reptilia,Squamata,Scincidae,Plestiodon,Plestiodon septentrionalis
Coendou,Coendou,Chordata,Mammalia,Rodentia,Erethizontidae,Coendou,NA
Pseudibis papillosa,Pseudibis papillosa,Chordata,Aves,Pelecaniformes,Threskiornithidae,Pseudibis,Pseudibis papillosa
Masticophis,Masticophis,Chordata,Reptilia,Squamata,Colubridae,Masticophis,NA
Herichthys cyanoguttatus,Herichthys cyanoguttatus,Chordata,Actinopterygii,Cichliformes,Cichlidae,Herichthys,Herichthys cyanoguttatus
Plestiodon laticeps,Plestiodon laticeps,Chordata,Reptilia,Squamata,Scincidae,Plestiodon,Plestiodon laticeps
Oxyrhopus,Oxyrhopus,Chordata,Reptilia,Squamata,Colubridae,Oxyrhopus,NA
Insecta,Insecta,Arthropoda,Insecta,NA,NA,NA,NA
Blarina brevicauda,Blarina brevicauda,Chordata,Mammalia,Soricomorpha,Soricidae,Blarina,Blarina brevicauda
Notocitellus adocetus,Notocitellus adocetus,Chordata,Mammalia,Rodentia,Sciuridae,Notocitellus,Notocitellus adocetus
Cossypha niveicapilla,Cossypha niveicapilla,Chordata,Aves,Passeriformes,Muscicapidae,Cossypha,Cossypha niveicapilla
Duberria lutrix,Duberria lutrix,Chordata,Reptilia,Squamata,Lamprophiidae,Duberria,Duberria lutrix
Dorosoma cepedianum,Dorosoma cepedianum,Chordata,Actinopterygii,Clupeiformes,Clupeidae,Dorosoma,Dorosoma cepedianum
Coluber constrictor constrictor,Coluber constrictor constrictor,Chordata,Reptilia,Squamata,Colubridae,Coluber,Coluber constrictor
Fowlea piscator,Fowlea piscator,Chordata,Reptilia,Squamata,Colubridae,Fowlea,Fowlea piscator
Carphophis amoenus,Carphophis amoenus,Chordata,Reptilia,Squamata,Colubridae,Carphophis,Carphophis amoenus
Lota lota,Lota lota,Chordata,Actinopterygii,Gadiformes,Gadidae,Lota,Lota lota
Eleutherodactylus,Eleutherodactylus,Chordata,Amphibia,Anura,Eleutherodactylidae,Eleutherodactylus,NA
Molossidae,Molossidae,Chordata,Mammalia,Chiroptera,Molossidae,NA,NA
Accipitridae,Accipitridae,Chordata,Aves,Accipitriformes,Accipitridae,NA,NA
Oxudercinae,Oxudercinae,Chordata,Actinopterygii,Gobiiformes,Gobiidae,NA,NA
Uta stansburiana elegans,Uta stansburiana elegans,Chordata,Reptilia,Squamata,Iguanidae,Uta,Uta stansburiana
Nerodia sipedon pleuralis,Nerodia sipedon pleuralis,Chordata,Reptilia,Squamata,Colubridae,Nerodia,Nerodia sipedon
Perca flavescens,Perca flavescens,Chordata,Actinopterygii,Perciformes,Percidae,Perca,Perca flavescens
Guira guira,Guira guira,Chordata,Aves,Cuculiformes,Cuculidae,Guira,Guira guira
Opisthotropis andersonii,Opisthotropis andersonii,Chordata,Reptilia,Squamata,Colubridae,Opisthotropis,Opisthotropis andersonii
Copsychus saularis,Copsychus saularis,Chordata,Aves,Passeriformes,Muscicapidae,Copsychus,Copsychus saularis
Python natalensis,Python natalensis,Chordata,Reptilia,Squamata,Pythonidae,Python,Python natalensis
,,,,,,,
,,,,,,,
